source_sensor,target_sensor,connection_weight
S2056,S2080,0.35
S1538,S2305,0.74
S1618,S2080,0.96
S165,S1731,0.61
S1330,S1934,0.93
S576,S1624,0.55
S1742,S648,0.84
S1363,S1464,0.85
S51,S955,0.88
S2466,S2101,0.46
S2251,S1062,0.33
S2000,S1375,0.36
S1661,S1033,0.96
S283,S565,0.88
S2236,S1702,0.44
S1300,S1166,0.22
S1960,S1810,0.23
S1379,S1724,0.88
S244,S1992,0.79
S2130,S2381,0.7
S2370,S8,0.6
S1306,S505,0.46
S1452,S2182,0.2
S2420,S2338,0.87
S2136,S405,0.85
S1624,S894,0.18
S1227,S1548,0.73
S1454,S1837,0.92
S484,S695,0.82
S2439,S163,0.14
S1623,S1490,0.25
S530,S1521,0.74
S1583,S2298,0.66
S106,S1979,0.77
S1031,S652,0.34
S870,S1302,0.56
S1107,S1939,0.73
S1336,S2437,0.41
S1449,S1827,0.95
S1838,S1326,0.28
S1547,S286,0.92
S2174,S1008,0.56
S1824,S1994,0.69
S1723,S1555,0.72
S943,S128,0.5
S2209,S1667,0.42
S268,S41,0.45
S1617,S186,0.99
S1125,S831,0.7
S2196,S1820,0.33
S1098,S897,0.14
S528,S2126,0.62
S201,S452,0.21
S287,S1394,0.38
S1824,S774,0.38
S917,S1671,0.95
S205,S1834,0.57
S1876,S1556,0.86
S193,S1592,0.46
S1416,S1255,0.14
S1542,S80,0.16
S2245,S1647,0.87
S842,S2133,0.24
S630,S652,0.62
S692,S973,0.84
S1971,S19,0.46
S2198,S1561,0.2
S571,S1092,0.72
S1636,S939,0.94
S52,S514,0.31
S554,S1033,0.39
S216,S1154,0.32
S1646,S259,0.82
S533,S668,0.61
S820,S585,0.1
S204,S1744,0.66
S597,S2214,0.2
S2273,S2127,0.93
S215,S1089,0.24
S1615,S1296,0.81
S897,S2364,0.14
S571,S1911,0.25
S2028,S1934,0.53
S1474,S2398,0.45
S232,S1003,0.4
S576,S1622,0.79
S284,S819,0.34
S2428,S474,0.88
S249,S1309,0.39
S372,S851,0.41
S1748,S1398,0.36
S1240,S2213,0.16
S963,S376,0.5
S480,S434,0.75
S2330,S587,0.97
S1413,S109,0.26
S2174,S1583,0.36
S695,S1259,0.94
S1606,S1943,0.25
S2164,S802,0.59
S9,S57,0.81
S293,S800,0.95
S1060,S1487,0.66
S1419,S390,0.62
S999,S1237,0.19
S1047,S1305,0.35
S1395,S1172,0.41
S2099,S1192,0.43
S2004,S264,0.18
S239,S2011,0.89
S312,S1655,0.39
S339,S344,0.32
S1776,S273,0.73
S932,S2143,0.94
S156,S1971,0.16
S2086,S379,0.63
S2331,S1390,0.46
S440,S2378,0.56
S1732,S966,0.22
S898,S417,0.24
S764,S2433,0.6
S683,S1253,0.59
S2322,S2315,0.54
S323,S1161,0.28
S2322,S1599,0.25
S2034,S2058,0.48
S395,S1657,0.74
S1962,S1549,0.85
S804,S2138,0.2
S772,S874,0.52
S2189,S1785,0.2
S1154,S2442,0.55
S200,S2429,0.68
S1442,S91,0.48
S625,S449,0.56
S1045,S2071,0.95
S2482,S1341,0.7
S1656,S1861,0.84
S286,S2479,0.3
S1733,S2471,0.31
S509,S2292,0.38
S1117,S152,0.59
S130,S797,0.34
S1879,S1045,0.65
S36,S641,0.22
S137,S1247,0.67
S1448,S1822,0.63
S115,S2199,0.82
S476,S1934,0.38
S2236,S893,0.91
S1951,S2253,0.49
S728,S1577,0.77
S1337,S1135,0.31
S392,S59,0.38
S13,S2298,0.57
S34,S2340,0.51
S2165,S923,0.66
S840,S1285,0.92
S161,S616,0.12
S2292,S2428,0.12
S2350,S1371,0.67
S2215,S1007,0.59
S1826,S520,0.89
S708,S1264,0.8
S1130,S1602,0.75
S1446,S651,0.77
S1213,S1090,0.18
S1195,S2437,0.2
S413,S1467,0.47
S367,S2228,0.43
S243,S797,0.73
S2402,S568,0.35
S53,S1873,0.26
S1359,S953,0.37
S922,S2396,0.61
S1361,S1667,0.47
S942,S1935,0.22
S2303,S2191,0.51
S2238,S1058,0.1
S1976,S1336,0.28
S1164,S2392,0.13
S2385,S393,0.16
S1503,S1401,0.28
S491,S249,0.17
S1438,S2187,0.28
S1149,S537,0.41
S2300,S465,0.45
S338,S655,0.43
S80,S402,0.14
S1376,S2030,0.73
S351,S659,0.73
S878,S2273,0.28
S1431,S480,0.53
S2172,S1529,0.53
S1922,S994,0.89
S1275,S1421,0.64
S2164,S2010,0.75
S1343,S1636,0.38
S393,S2367,0.36
S2349,S1730,0.85
S541,S1972,0.61
S67,S393,0.82
S1270,S800,0.47
S397,S2025,0.52
S1791,S487,0.91
S1472,S1296,0.5
S1196,S2478,0.61
S843,S1130,0.6
S137,S1212,0.97
S1222,S2365,0.64
S1701,S2286,0.41
S2453,S1662,0.13
S2082,S763,0.81
S227,S758,0.93
S2007,S395,0.14
S1796,S2006,0.99
S794,S1618,0.24
S295,S983,0.37
S1001,S478,0.14
S946,S1259,0.17
S879,S1102,0.2
S1351,S1924,0.24
S1883,S2112,0.91
S1318,S1360,0.33
S2081,S1699,0.81
S149,S1524,0.81
S521,S1935,0.41
S1025,S805,0.34
S1012,S2049,0.95
S1138,S1049,0.94
S280,S1790,0.48
S1464,S2284,0.7
S1025,S558,0.36
S2458,S1681,0.54
S1596,S129,0.54
S2055,S1254,0.45
S1819,S1237,0.77
S926,S434,0.13
S158,S1868,0.14
S967,S264,0.82
S2101,S2365,0.94
S1258,S2058,0.41
S2185,S756,0.75
S1708,S1564,0.75
S715,S542,0.75
S780,S2023,0.59
S384,S523,0.39
S1426,S2299,0.72
S2473,S1879,0.78
S755,S1380,0.13
S2098,S1411,0.18
S232,S1074,0.9
S1303,S2161,0.41
S339,S170,0.14
S957,S1831,0.88
S805,S639,0.46
S1201,S2159,0.55
S2493,S717,0.8
S499,S425,0.22
S157,S494,0.65
S895,S1174,0.86
S1490,S1668,0.41
S2013,S258,0.25
S2360,S520,0.11
S640,S1567,0.63
S361,S2185,0.32
S1836,S99,0.34
S1666,S425,0.47
S2454,S1624,0.96
S2444,S44,0.62
S123,S346,0.66
S1005,S749,0.77
S1103,S1788,0.21
S1389,S1839,0.43
S465,S1127,0.39
S233,S2324,0.34
S779,S1067,0.96
S756,S141,0.12
S343,S2451,0.31
S265,S476,0.75
S1037,S105,0.44
S1254,S2123,0.97
S446,S2332,0.94
S1207,S402,0.71
S1720,S1003,0.71
S1408,S416,0.39
S956,S1196,0.1
S1484,S1362,0.73
S2228,S2294,0.77
S1915,S1993,0.18
S560,S216,0.67
S1703,S800,0.99
S775,S1483,0.55
S241,S1381,0.38
S362,S1334,0.96
S1452,S2144,0.56
S1903,S1678,0.53
S307,S7,0.74
S568,S1468,0.96
S1096,S902,0.1
S2272,S1241,0.26
S2416,S751,0.31
S1977,S833,0.96
S1848,S1699,0.83
S1911,S54,0.88
S1638,S133,0.87
S1914,S279,0.77
S1694,S1267,0.24
S70,S1018,0.85
S1534,S927,0.79
S1158,S1460,0.64
S2066,S1781,0.13
S410,S1516,0.48
S2283,S2279,0.88
S1730,S2194,0.41
S2250,S2464,0.43
S1615,S873,0.99
S665,S826,0.71
S296,S747,0.5
S685,S283,0.98
S2207,S1249,0.34
S2147,S1244,0.72
S513,S153,0.93
S1712,S805,0.33
S1206,S2408,0.62
S2420,S2126,0.96
S1630,S2060,0.62
S352,S1087,0.22
S1560,S598,0.33
S1869,S536,0.27
S2278,S712,0.72
S324,S1066,0.98
S39,S848,0.55
S1816,S1514,0.66
S451,S2054,0.3
S1856,S1407,0.2
S623,S816,0.53
S1537,S1430,0.57
S1186,S998,0.47
S575,S2287,0.42
S772,S2291,0.59
S1916,S1901,0.71
S2465,S839,0.92
S541,S1789,0.71
S1276,S507,0.82
S2196,S2008,1.0
S735,S1739,0.92
S1893,S265,0.93
S2419,S1322,0.74
S650,S1545,0.81
S1618,S1145,0.8
S702,S2086,0.96
S716,S291,0.55
S507,S1508,0.96
S215,S290,0.31
S1990,S2315,0.86
S2208,S1024,0.65
S1839,S953,0.55
S1944,S362,0.29
S446,S1052,0.56
S1343,S2441,0.49
S787,S1370,0.59
S1262,S1746,0.37
S478,S1804,0.3
S193,S2043,0.72
S2366,S464,0.43
S1571,S249,0.62
S1888,S2483,0.64
S2144,S2186,0.43
S1031,S2048,0.81
S1845,S635,0.25
S2138,S1579,0.74
S1727,S97,0.38
S2350,S777,0.82
S2243,S1826,0.69
S548,S1009,0.65
S926,S1380,0.66
S1242,S2173,0.64
S1210,S1587,0.96
S1803,S1965,0.19
S2343,S2091,0.78
S305,S655,0.53
S2129,S995,0.45
S938,S1373,0.19
S1060,S1129,0.97
S952,S146,0.64
S1402,S359,0.94
S1328,S1075,0.17
S879,S1546,0.29
S910,S204,0.8
S2020,S1716,0.85
S601,S2059,0.95
S459,S2365,0.27
S1673,S659,0.46
S1909,S1252,0.85
S453,S2152,0.44
S2401,S1322,0.38
S72,S2163,0.59
S2028,S789,0.47
S2224,S56,0.43
S2219,S2488,0.46
S1057,S1149,0.86
S2284,S1380,0.53
S552,S446,0.45
S1822,S1321,0.83
S2431,S301,0.38
S1211,S2385,0.82
S1261,S1230,0.21
S2457,S245,0.79
S2226,S1954,0.5
S2375,S1647,0.23
S1127,S2129,0.9
S1623,S1743,0.66
S1763,S1440,0.38
S371,S1579,0.78
S740,S1165,0.93
S2249,S497,0.85
S1181,S1958,0.98
S847,S2279,0.15
S1285,S2338,0.58
S527,S1297,0.33
S1303,S2450,0.71
S1836,S613,0.94
S2257,S2404,0.14
S556,S1127,0.68
S668,S545,0.94
S1144,S2098,0.46
S2274,S1859,0.58
S2433,S2025,0.12
S601,S2377,0.15
S145,S1642,0.91
S1541,S1035,0.19
S664,S1303,0.98
S476,S253,0.31
S630,S59,0.14
S793,S1756,0.45
S332,S2259,0.4
S188,S210,0.2
S1633,S136,0.12
S2410,S1467,0.26
S1459,S1650,0.85
S1092,S1810,0.4
S1165,S2399,0.98
S145,S2084,0.67
S1455,S2281,0.77
S1558,S2051,0.59
S1956,S517,0.18
S993,S2234,0.85
S52,S708,0.25
S345,S1294,0.35
S1061,S1260,0.58
S2254,S2216,0.28
S1052,S1892,0.5
S2318,S1015,0.26
S1286,S1230,0.71
S885,S8,0.87
S2418,S135,0.47
S1306,S423,0.25
S2350,S930,0.99
S478,S2365,0.56
S242,S2076,0.37
S1172,S602,0.35
S1523,S447,0.87
S481,S889,0.69
S1414,S2316,0.94
S504,S2360,0.36
S1582,S2024,0.5
S598,S1589,0.88
S1076,S401,0.46
S1724,S1619,0.89
S1207,S1240,0.83
S1248,S1775,0.89
S1144,S2270,0.34
S1408,S333,0.64
S1729,S255,0.68
S78,S505,0.93
S1744,S1570,0.31
S2166,S1998,0.72
S123,S1813,0.89
S453,S1543,0.52
S731,S1665,0.44
S1251,S32,0.55
S1040,S1638,0.83
S2366,S451,0.33
S499,S54,0.88
S2118,S1113,0.24
S1767,S1680,0.71
S298,S1368,0.25
S2494,S1944,0.51
S1889,S1633,0.79
S1641,S362,0.5
S1046,S2319,0.2
S625,S131,0.69
S2351,S1590,0.57
S1026,S671,0.58
S2383,S1324,0.32
S422,S1069,0.43
S1843,S2202,0.71
S2092,S1532,0.74
S81,S1472,0.72
S365,S1508,0.23
S1271,S71,0.86
S348,S2379,0.93
S1862,S781,0.46
S1714,S682,0.42
S1235,S708,0.55
S136,S226,0.88
S2238,S1548,0.47
S1017,S1416,0.73
S794,S1691,0.61
S971,S1410,0.82
S226,S1886,0.96
S226,S1526,0.18
S54,S518,0.93
S812,S325,0.85
S1546,S668,0.32
S1762,S1858,0.93
S381,S1013,0.44
S638,S1998,0.5
S1198,S1153,0.92
S114,S629,0.67
S637,S1510,0.29
S872,S1615,0.85
S1414,S2371,0.24
S2418,S1496,0.36
S1063,S13,0.39
S595,S971,0.86
S777,S554,0.47
S1541,S1236,0.96
S2184,S404,0.75
S2477,S2372,0.3
S287,S1552,0.73
S2058,S84,0.22
S619,S1482,0.95
S118,S545,0.54
S1610,S1978,0.22
S1208,S1884,0.98
S1077,S526,0.64
S1020,S307,0.73
S760,S1637,0.29
S191,S1603,0.42
S2255,S1093,0.19
S1409,S2088,0.62
S1600,S84,0.92
S1344,S80,0.67
S1182,S698,0.77
S290,S1135,0.26
S1757,S1370,0.22
S334,S1284,0.68
S795,S1517,0.99
S978,S1479,0.26
S51,S1921,0.19
S158,S1907,0.91
S220,S660,0.36
S2221,S1737,0.85
S523,S2233,0.13
S1730,S1232,0.87
S2204,S883,0.52
S948,S1239,0.46
S1238,S1649,0.12
S1721,S2305,0.12
S1147,S1187,0.36
S1101,S839,0.16
S812,S356,0.16
S406,S2309,0.39
S332,S891,0.12
S106,S1748,0.97
S2150,S1749,0.14
S1680,S303,0.79
S1897,S1637,0.87
S2017,S986,0.8
S745,S1355,0.97
S72,S650,0.73
S1219,S407,0.35
S980,S844,0.84
S2497,S1952,0.57
S1110,S1012,0.71
S1514,S953,0.15
S1232,S996,0.61
S313,S322,0.25
S1610,S1794,0.96
S1007,S970,0.8
S178,S1849,0.81
S2249,S1728,0.62
S507,S2232,0.13
S340,S2456,0.57
S2120,S94,0.96
S1871,S1889,0.33
S2233,S6,0.85
S2117,S2067,0.74
S603,S356,0.4
S788,S418,0.85
S2417,S1679,0.37
S2373,S817,0.28
S370,S1732,0.44
S57,S2152,0.21
S615,S1121,0.64
S371,S1430,0.98
S344,S1108,0.93
S1764,S1096,0.18
S372,S2337,0.88
S2277,S1748,0.39
S210,S920,0.56
S804,S2220,0.46
S995,S130,0.78
S2119,S1066,0.59
S130,S2428,0.8
S1177,S1341,0.29
S2084,S2445,0.61
S1501,S56,0.62
S1363,S851,0.78
S2009,S57,0.38
S1880,S891,0.32
S109,S1510,0.19
S826,S145,0.9
S2121,S2325,0.35
S21,S1570,0.22
S1747,S97,0.95
S2062,S1989,0.34
S1582,S1008,0.4
S711,S1964,0.58
S436,S881,0.97
S561,S491,0.18
S602,S1865,0.84
S142,S1598,0.19
S2150,S1749,0.61
S1625,S1847,0.65
S950,S2047,0.97
S1211,S354,0.69
S256,S192,0.46
S1506,S397,0.68
S148,S1069,0.11
S637,S967,0.3
S1845,S2359,0.6
S2113,S31,0.26
S1822,S2021,0.97
S721,S1136,0.9
S2383,S96,0.53
S1102,S962,0.19
S1228,S1267,0.98
S2049,S1810,0.38
S892,S494,0.45
S1000,S2348,0.56
S332,S1171,0.92
S2201,S910,0.69
S597,S963,0.8
S1514,S1621,0.62
S1197,S2084,0.55
S2058,S220,0.28
S1312,S537,0.86
S2348,S387,0.27
S755,S2367,0.96
S143,S1853,0.87
S699,S817,0.54
S319,S1738,0.19
S547,S2491,0.68
S1618,S79,0.38
S454,S2459,0.57
S486,S2256,0.49
S661,S2477,0.49
S990,S1348,0.27
S1322,S701,0.42
S1757,S2401,0.18
S1463,S1003,0.69
S1748,S1217,0.16
S536,S1506,0.39
S1583,S1279,0.73
S1450,S1716,0.5
S622,S1248,0.73
S384,S2397,0.96
S2114,S811,0.98
S1925,S1306,0.45
S580,S1598,0.35
S1321,S2286,0.79
S1590,S1817,0.4
S1971,S1170,0.63
S1059,S1360,0.81
S340,S36,0.9
S1133,S953,0.4
S1047,S2183,0.46
S863,S1139,0.31
S1735,S1522,0.76
S988,S1951,0.57
S1684,S428,0.51
S2066,S1587,0.27
S2262,S867,0.99
S1940,S1259,0.24
S887,S1069,0.62
S2432,S986,0.49
S2005,S2305,0.72
S1871,S2196,0.96
S665,S1230,0.43
S173,S406,0.77
S218,S1622,0.77
S1933,S555,0.7
S453,S1250,0.34
S1110,S983,0.72
S1077,S1346,0.4
S1253,S972,0.54
S10,S1171,0.95
S126,S14,0.87
S1766,S628,0.81
S697,S1186,0.74
S1380,S33,0.53
S1508,S1344,0.74
S1126,S1891,0.66
S2137,S828,0.11
S1418,S642,0.14
S1808,S2466,0.84
S1612,S1329,0.55
S2277,S1924,0.56
S271,S1043,0.61
S130,S2359,0.28
S1754,S210,0.48
S963,S2491,0.12
S1054,S1407,0.83
S313,S1811,0.31
S1040,S2427,0.17
S1169,S854,0.74
S1084,S1434,0.88
S397,S790,0.57
S1063,S796,0.42
S690,S1828,0.63
S276,S805,0.5
S1350,S1152,0.85
S142,S5,0.36
S63,S2236,0.37
S1915,S713,0.62
S1271,S964,0.9
S1603,S46,0.18
S1095,S2357,0.8
S305,S1888,0.71
S101,S1324,0.65
S442,S1762,0.94
S1829,S1200,0.19
S2430,S784,0.11
S1308,S1131,0.22
S4,S487,0.77
S45,S33,0.7
S793,S596,0.88
S817,S237,0.21
S1296,S521,0.41
S205,S1791,0.12
S2390,S1248,0.49
S1647,S2402,0.65
S422,S2054,0.98
S467,S2319,0.32
S546,S1330,0.18
S557,S1975,0.99
S1300,S2244,0.13
S2121,S646,0.72
S150,S1910,0.62
S2474,S2017,0.5
S2430,S1873,0.13
S1656,S1878,0.38
S1471,S2111,0.59
S226,S172,0.85
S1868,S2226,0.21
S199,S264,0.63
S1358,S417,0.97
S1846,S757,0.6
S1433,S2175,0.81
S2487,S1417,0.99
S171,S1355,0.4
S1561,S2002,0.7
S341,S2491,0.22
S860,S299,0.29
S1880,S661,0.56
S1631,S1222,0.57
S471,S1429,0.3
S348,S293,0.81
S1540,S2486,0.16
S2142,S25,0.47
S1831,S1610,0.6
S1341,S327,0.4
S9,S682,0.76
S253,S123,0.65
S2084,S766,0.94
S2349,S2126,0.96
S1726,S622,0.51
S1732,S1783,0.81
S2358,S1761,0.4
S1578,S25,0.39
S1695,S870,0.55
S2479,S2189,0.96
S2193,S1191,0.67
S923,S1446,0.79
S2014,S1894,0.11
S983,S1106,0.92
S787,S2147,0.18
S534,S1982,0.83
S1256,S392,0.11
S90,S1088,0.52
S1584,S475,0.83
S105,S320,0.37
S585,S841,0.65
S527,S1329,0.8
S571,S1709,0.61
S251,S1790,0.38
S2422,S2427,0.98
S1864,S602,0.32
S2199,S1664,0.34
S671,S385,0.32
S1769,S2043,0.67
S2154,S2481,0.57
S698,S1419,0.8
S106,S1723,0.59
S1377,S2350,0.9
S1066,S80,0.12
S28,S1215,0.6
S1666,S1926,0.67
S748,S3,0.15
S97,S330,0.8
S112,S2212,0.91
S489,S1370,0.87
S1500,S193,0.68
S1543,S303,0.51
S629,S724,0.34
S1035,S1780,0.19
S1433,S1998,0.19
S2148,S441,0.16
S437,S2400,0.73
S30,S786,0.54
S2273,S664,0.62
S2107,S332,0.93
S2054,S696,0.43
S1740,S2494,0.91
S1392,S2358,0.11
S2202,S845,0.37
S726,S308,0.31
S1910,S703,0.24
S1367,S738,0.87
S2077,S1169,0.48
S1604,S386,0.13
S1326,S614,0.29
S1748,S1775,0.65
S387,S46,0.44
S1116,S1910,0.75
S1684,S764,0.36
S733,S1025,0.39
S957,S1309,0.32
S1637,S2303,0.39
S447,S2266,0.54
S1890,S696,0.63
S882,S756,0.51
S437,S813,0.57
S2166,S1153,0.14
S1498,S700,0.21
S182,S1176,0.76
S1690,S568,0.53
S2152,S1672,0.28
S2037,S1801,0.65
S32,S1920,0.4
S368,S546,0.64
S2189,S1622,0.66
S867,S1191,0.44
S1422,S1290,0.54
S1550,S1115,0.95
S752,S1261,0.19
S519,S444,0.53
S2247,S651,0.32
S2491,S596,0.66
S391,S697,0.88
S2393,S281,0.23
S1438,S495,0.46
S1118,S1902,0.31
S2447,S197,0.2
S353,S1920,0.77
S1282,S1491,0.82
S724,S79,0.29
S932,S266,0.31
S1886,S1042,0.25
S2228,S717,0.85
S2488,S2250,0.77
S1739,S60,0.36
S1002,S2205,0.95
S2429,S548,0.44
S2076,S1118,0.19
S267,S2429,0.52
S756,S1050,0.35
S1202,S962,0.95
S2205,S98,0.25
S395,S929,0.87
S1811,S1544,0.4
S508,S1468,0.35
S1993,S1871,0.56
S2094,S402,0.81
S587,S2057,0.69
S1135,S675,0.93
S118,S2200,0.15
S1654,S1878,0.26
S2358,S312,0.89
S2457,S530,0.94
S39,S1364,0.53
S1885,S427,0.57
S1069,S916,0.81
S438,S2028,0.13
S2360,S1529,0.6
S857,S1427,0.64
S1735,S358,0.47
S1455,S320,0.62
S1945,S2397,0.25
S72,S369,0.93
S695,S1929,0.8
S71,S649,0.35
S589,S1839,0.41
S5,S639,0.74
S1718,S1256,0.83
S285,S1566,0.86
S886,S808,0.79
S1786,S1345,0.69
S1859,S640,0.98
S2351,S663,0.47
S2299,S933,0.22
S1787,S617,0.57
S1124,S588,0.89
S1803,S920,0.24
S1818,S1816,0.34
S2186,S511,0.98
S2410,S2041,0.55
S1592,S1421,0.16
S52,S644,0.6
S1846,S1700,0.17
S2275,S213,0.41
S1,S1010,0.4
S2306,S1345,0.24
S707,S2220,0.36
S2220,S70,0.44
S1441,S1238,0.79
S1879,S665,0.62
S1798,S2214,0.97
S1645,S1220,0.95
S524,S404,0.91
S931,S452,0.23
S1865,S237,0.87
S39,S1813,0.15
S1115,S1496,0.51
S1628,S413,0.69
S564,S73,0.17
S445,S371,0.16
S462,S1032,0.72
S1779,S1274,0.14
S573,S2347,0.53
S1969,S490,0.95
S66,S593,0.72
S1371,S1521,0.5
S342,S573,0.17
S573,S1245,0.49
S1085,S1659,0.65
S659,S2453,0.99
S2238,S2079,0.98
S627,S898,0.23
S2159,S178,0.22
S217,S1041,0.34
S69,S1267,0.58
S2245,S1712,0.32
S1871,S864,0.18
S1243,S1559,0.55
S813,S942,0.18
S1562,S2118,0.3
S292,S803,0.44
S1567,S616,0.63
S96,S2398,0.93
S2435,S1708,0.6
S2468,S476,0.6
S638,S2499,0.67
S2089,S187,0.45
S1752,S738,0.78
S384,S108,0.87
S228,S2137,0.56
S2437,S761,0.8
S2188,S528,0.44
S1668,S2201,0.91
S1806,S800,0.44
S37,S948,0.34
S580,S2167,0.88
S2053,S2184,0.96
S2258,S168,0.75
S1033,S1708,0.47
S2248,S2133,0.83
S729,S1279,0.55
S2258,S2100,0.93
S475,S2086,0.48
S531,S2133,0.74
S990,S2085,0.3
S362,S2154,0.7
S1934,S1975,0.61
S1620,S964,0.3
S1244,S141,0.64
S1309,S318,0.32
S1562,S243,0.15
S685,S1544,0.17
S1660,S849,0.31
S1304,S2098,0.85
S387,S185,0.96
S1546,S967,0.68
S565,S702,0.44
S467,S1243,0.75
S2003,S990,0.15
S1032,S1447,0.78
S1158,S1391,0.56
S1838,S925,0.72
S1891,S1270,0.64
S1417,S1913,0.17
S1253,S801,0.8
S405,S101,0.28
S283,S1555,0.55
S1633,S1982,0.37
S684,S466,0.28
S776,S1595,0.27
S796,S1001,0.12
S948,S205,0.72
S2006,S1226,0.9
S1159,S1548,0.97
S269,S1613,0.63
S1110,S76,0.32
S1644,S1794,0.33
S1059,S912,0.5
S2474,S425,0.15
S448,S2030,0.63
S1753,S1958,0.79
S1831,S702,0.37
S1848,S1855,0.13
S1808,S747,0.8
S1898,S2498,0.38
S1115,S1800,0.55
S1669,S354,0.12
S2351,S552,0.85
S225,S455,0.96
S1894,S2059,0.68
S277,S2333,0.26
S1906,S1878,0.4
S546,S357,0.86
S2497,S2057,0.96
S1356,S1757,0.79
S1892,S1418,0.39
S938,S1335,0.39
S1253,S782,0.65
S1126,S2297,0.22
S1116,S64,0.68
S1480,S1004,0.36
S1293,S312,0.98
S2085,S1374,0.57
S1839,S2033,0.91
S1225,S275,0.15
S872,S1751,0.89
S2287,S1892,0.89
S1208,S596,0.61
S1157,S52,0.18
S1249,S1744,0.88
S1024,S2395,0.61
S1937,S2014,0.8
S304,S577,0.82
S485,S338,0.48
S958,S1530,0.84
S2207,S982,0.97
S1575,S2473,0.21
S1136,S1463,0.45
S1724,S1066,0.93
S661,S2186,0.16
S2064,S1093,0.29
S2359,S38,0.15
S1087,S1444,0.67
S2125,S277,0.86
S1692,S2091,0.18
S481,S790,0.94
S810,S1650,0.43
S351,S734,0.82
S676,S2069,0.97
S1898,S1137,0.42
S1610,S1916,0.72
S368,S567,0.61
S579,S790,0.54
S504,S569,0.98
S1080,S1367,0.71
S231,S1042,0.75
S2266,S402,0.36
S363,S1240,0.3
S521,S1683,0.81
S2120,S1811,0.45
S989,S1598,0.27
S86,S2367,0.5
S1948,S486,0.99
S1676,S1798,0.41
S2235,S1179,0.54
S1778,S2306,0.58
S913,S2385,0.57
S458,S741,0.93
S667,S1118,0.41
S784,S707,0.49
S2293,S841,0.44
S1502,S2193,0.46
S1981,S564,0.46
S1337,S772,0.77
S173,S991,0.35
S1784,S737,0.34
S1133,S1391,0.79
S439,S22,0.34
S2151,S609,0.99
S2267,S1346,0.79
S878,S1768,0.72
S1777,S920,0.21
S1839,S1264,0.85
S1336,S1612,0.36
S453,S2110,0.14
S1120,S1682,0.15
S827,S1931,0.65
S2349,S792,0.91
S1707,S923,0.69
S796,S1761,0.89
S1346,S481,0.43
S1618,S2019,0.7
S1371,S1782,0.29
S819,S1905,0.82
S728,S1826,0.77
S236,S1870,0.19
S896,S1659,0.49
S37,S1999,0.61
S458,S1120,0.23
S637,S2426,0.65
S1141,S1448,0.48
S1875,S993,0.84
S1933,S1865,0.66
S243,S262,0.49
S2466,S395,0.34
S2108,S998,0.61
S2078,S188,0.64
S536,S2370,0.45
S2459,S1204,0.92
S1868,S1056,0.35
S595,S28,0.58
S222,S1976,0.78
S1417,S2399,0.56
S2197,S1033,0.16
S1078,S1541,0.53
S1373,S83,0.77
S2228,S1248,0.67
S716,S81,0.26
S2215,S708,0.52
S191,S1010,0.51
S1399,S1903,0.38
S981,S266,0.64
S629,S166,0.4
S1901,S990,0.13
S593,S2026,0.2
S542,S1237,0.99
S672,S1112,0.5
S1939,S1064,0.71
S2234,S2231,0.53
S1627,S390,0.49
S37,S1422,0.73
S1731,S917,0.55
S1156,S2239,0.86
S1904,S1537,0.37
S2334,S342,0.19
S2051,S7,0.38
S326,S109,0.96
S998,S1578,0.89
S799,S1133,0.56
S1007,S128,0.88
S2315,S795,0.61
S1824,S1415,0.55
S2352,S38,0.57
S1458,S460,0.64
S1161,S1130,0.69
S273,S1465,0.33
S1363,S590,0.24
S1387,S2254,0.86
S2130,S1424,0.78
S1398,S759,0.72
S172,S1603,0.86
S1416,S2319,0.3
S2132,S2457,0.24
S2023,S1211,0.59
S1695,S56,0.45
S1251,S1803,0.47
S2070,S271,0.91
S108,S50,0.54
S1984,S289,0.55
S2240,S1848,0.6
S609,S1253,0.53
S1376,S953,0.47
S1102,S1618,0.15
S581,S2099,0.19
S1402,S1542,0.29
S1863,S2076,0.12
S884,S251,0.79
S161,S1364,0.56
S1959,S639,0.94
S2111,S1167,0.48
S2157,S1225,0.63
S463,S766,0.45
S2429,S970,0.7
S1539,S1876,0.82
S1150,S647,0.69
S1473,S1199,0.62
S2277,S1567,0.39
S646,S2251,0.49
S1034,S1933,0.87
S457,S924,0.49
S323,S373,0.38
S6,S2266,0.35
S539,S2066,0.47
S1198,S1701,0.13
S777,S146,0.22
S148,S900,0.25
S1330,S1809,0.51
S1915,S1887,0.56
S126,S2234,0.62
S316,S1854,0.68
S560,S1650,0.96
S1010,S1137,0.45
S1198,S1437,0.32
S1555,S1674,0.51
S1450,S440,0.47
S2251,S1423,0.15
S750,S202,0.27
S58,S771,0.16
S1504,S1792,0.53
S377,S1783,0.83
S724,S1446,0.29
S2045,S2003,0.3
S2378,S168,0.48
S995,S323,0.87
S12,S1206,0.75
S1792,S1970,0.81
S1909,S1358,0.53
S1442,S2340,0.47
S1194,S2465,0.91
S2361,S669,0.21
S1897,S2404,0.5
S1883,S2129,0.59
S1308,S609,0.6
S672,S1443,0.63
S484,S1037,0.64
S2180,S2272,0.46
S534,S1429,0.26
S1169,S1681,0.63
S643,S1661,0.56
S2216,S1445,0.66
S2110,S1449,0.61
S311,S798,0.85
S1564,S1973,0.3
S321,S738,0.97
S1553,S2010,0.18
S1694,S2094,0.11
S2296,S1081,0.45
S719,S2333,0.66
S2036,S195,0.15
S1362,S495,0.97
S1745,S2297,0.91
S1590,S2378,0.18
S243,S339,0.47
S1719,S1606,0.37
S249,S2174,0.19
S2492,S1131,0.56
S686,S1741,0.22
S1755,S473,0.73
S907,S821,0.52
S1945,S1110,0.84
S3,S1029,0.7
S2294,S889,0.15
S2459,S2346,0.42
S447,S935,0.33
S86,S122,0.44
S478,S1331,0.42
S173,S984,0.43
S888,S1760,0.13
S742,S503,0.92
S1822,S1226,0.38
S2319,S46,0.63
S1020,S1999,0.32
S29,S2262,0.2
S807,S956,0.8
S2271,S1525,0.98
S724,S157,0.53
S16,S1369,0.86
S174,S186,0.83
S2105,S1057,0.4
S306,S128,0.71
S1589,S381,0.89
S1761,S2043,0.3
S665,S639,0.63
S945,S2023,0.76
S2017,S389,0.91
S1432,S633,0.6
S705,S2114,0.3
S1737,S762,0.33
S384,S1248,0.47
S1616,S212,0.27
S1745,S2041,0.62
S560,S1145,0.61
S70,S2478,0.27
S1357,S405,0.59
S2356,S1197,0.51
S1191,S230,0.25
S224,S997,0.18
S2317,S2072,0.7
S1332,S1503,0.36
S804,S673,0.23
S536,S560,0.67
S614,S2355,0.43
S1532,S730,0.33
S1160,S124,0.84
S2039,S1419,0.52
S1408,S64,0.59
S1431,S1106,0.5
S2492,S22,0.67
S919,S1341,0.83
S480,S1104,0.29
S244,S617,0.61
S517,S2191,0.65
S1188,S1907,0.9
S922,S2032,0.35
S1789,S299,0.19
S36,S1139,0.28
S1806,S1099,0.81
S2383,S2220,0.95
S1564,S350,0.92
S389,S2111,0.51
S1686,S2117,0.62
S196,S1578,0.21
S1619,S864,0.76
S1046,S1715,0.53
S1245,S2293,0.65
S2260,S1532,0.38
S2260,S935,0.77
S487,S1742,0.2
S1695,S1280,0.32
S641,S156,0.53
S2348,S783,0.42
S1126,S37,0.6
S284,S2146,0.46
S580,S667,0.15
S498,S2216,0.3
S2471,S388,0.76
S2129,S1494,0.62
S1611,S164,0.84
S765,S1067,0.82
S1670,S2000,0.94
S1518,S1144,0.5
S1991,S558,0.87
S824,S237,0.93
S91,S711,0.93
S1293,S2294,0.32
S770,S859,0.51
S2292,S98,0.6
S922,S2259,0.68
S1252,S686,0.58
S1221,S2025,0.86
S1261,S2330,0.98
S248,S895,0.24
S1828,S889,0.49
S2223,S625,0.42
S1089,S958,0.63
S1126,S1011,0.63
S2025,S1728,0.83
S866,S1197,0.56
S1359,S2273,0.9
S104,S2312,0.73
S2128,S1101,0.54
S473,S21,0.94
S756,S2195,0.1
S827,S1276,0.81
S1893,S1635,0.17
S451,S873,0.53
S315,S1814,0.29
S915,S1299,0.39
S2145,S34,0.75
S767,S197,0.56
S2037,S1093,0.47
S252,S872,0.31
S192,S1541,0.38
S1639,S1376,0.26
S972,S2454,0.4
S1497,S1163,0.68
S1858,S2182,0.3
S237,S2183,0.59
S984,S949,0.65
S791,S2300,0.9
S1338,S1561,0.66
S813,S1745,0.78
S288,S1557,0.33
S1711,S1712,0.46
S1886,S1816,0.16
S2242,S961,0.62
S686,S1365,0.52
S277,S518,0.1
S1785,S1516,0.14
S167,S1517,0.53
S2443,S1757,0.2
S1046,S32,0.65
S334,S2214,0.62
S1032,S1796,0.49
S283,S2181,0.81
S1917,S2072,0.7
S953,S147,0.85
S2467,S166,0.99
S1705,S427,0.69
S2245,S652,0.71
S782,S657,0.97
S1026,S738,0.42
S1769,S612,0.21
S1932,S2240,0.43
S644,S228,0.86
S2489,S1433,0.88
S1496,S2379,0.92
S827,S720,0.66
S1062,S2105,0.14
S298,S1806,0.95
S966,S982,0.87
S2403,S518,0.9
S878,S938,0.97
S1999,S296,0.71
S455,S490,0.74
S874,S2206,0.97
S838,S994,0.56
S32,S1754,0.93
S301,S2006,0.18
S830,S2351,0.68
S2355,S1878,1.0
S1140,S2480,0.78
S1512,S1561,0.16
S501,S1424,0.56
S2031,S1524,0.36
S1892,S285,0.87
S1575,S1540,0.71
S667,S968,0.98
S964,S1490,0.89
S827,S2398,0.86
S672,S588,0.9
S2052,S633,0.99
S2451,S2097,0.14
S830,S1095,0.74
S69,S530,0.24
S845,S1527,0.79
S136,S689,0.61
S2127,S2178,0.26
S1521,S2400,0.98
S343,S2209,0.79
S2236,S1754,0.46
S1808,S1268,0.58
S1821,S1417,0.72
S1821,S1526,0.15
S1909,S1034,0.37
S254,S1158,0.58
S1413,S2292,0.23
S1892,S1207,0.56
S1055,S1971,0.45
S1367,S1637,0.18
S1415,S1712,0.81
S390,S2464,0.44
S2430,S297,0.83
S2232,S1112,0.89
S1779,S274,0.57
S1806,S1672,0.77
S2258,S1278,0.86
S2246,S797,0.35
S377,S1531,0.44
S1778,S1850,0.97
S2091,S1951,0.41
S1596,S2021,0.8
S1190,S1982,0.54
S1235,S1594,0.53
S1069,S2322,0.32
S2494,S665,0.77
S1223,S262,0.36
S914,S1239,0.95
S1285,S1709,0.25
S1680,S2213,0.69
S1381,S586,0.4
S1842,S990,0.47
S1019,S2252,0.61
S965,S2445,0.67
S2157,S1650,0.29
S155,S1493,0.1
S411,S509,0.27
S1980,S1892,0.48
S793,S1257,0.39
S923,S570,0.55
S2030,S320,0.15
S552,S1910,0.81
S282,S2417,0.13
S2419,S209,0.53
S555,S670,0.12
S799,S1123,0.45
S1732,S2378,0.58
S2199,S1088,0.5
S1101,S234,0.35
S133,S306,0.46
S1998,S1833,0.23
S708,S2452,0.88
S864,S2102,0.26
S2059,S1373,0.9
S1994,S1992,0.9
S1762,S2023,0.88
S2398,S1687,0.81
S1794,S1007,0.33
S1139,S2377,0.61
S1801,S1495,0.89
S161,S533,0.77
S204,S1240,0.24
S1753,S1348,0.48
S2345,S1356,0.31
S357,S98,0.22
S1865,S2323,0.18
S499,S834,0.12
S1978,S2023,0.22
S1707,S981,0.83
S1841,S2067,0.43
S430,S267,0.59
S1605,S136,0.33
S1575,S2428,0.85
S735,S1326,0.73
S2187,S1358,0.56
S124,S1848,0.77
S523,S706,0.6
S469,S866,0.33
S216,S61,0.76
S2451,S1798,0.15
S862,S2050,0.64
S970,S1817,0.69
S2198,S1128,0.68
S402,S369,0.56
S1220,S1650,0.38
S1060,S1935,0.17
S1166,S987,0.82
S1277,S1913,0.41
S2084,S1511,0.66
S515,S1098,0.32
S1318,S2319,0.28
S208,S1624,0.96
S1800,S2255,0.55
S1289,S2358,0.8
S2153,S318,0.23
S1085,S1241,0.73
S758,S2301,0.49
S270,S699,0.61
S1509,S1295,0.35
S1696,S534,0.83
S1742,S445,0.68
S2064,S1717,0.67
S1464,S247,0.91
S324,S1823,0.86
S1142,S1255,0.84
S1149,S264,0.82
S457,S2138,0.75
S436,S1648,0.97
S1355,S1651,0.71
S1516,S1761,0.79
S1380,S81,0.47
S1303,S2394,0.26
S1164,S942,0.72
S2496,S1049,0.28
S127,S1921,0.31
S890,S1097,0.35
S1759,S584,0.84
S1772,S620,0.83
S1949,S1623,0.56
S583,S465,0.48
S324,S2071,0.91
S1146,S190,0.79
S280,S957,0.58
S343,S1743,0.94
S661,S410,0.79
S1320,S1133,0.99
S1587,S2197,0.64
S1087,S1845,0.48
S78,S715,0.46
S844,S920,0.94
S2108,S2244,0.63
S1891,S798,0.41
S1219,S1019,0.92
S40,S960,0.83
S2010,S2476,0.86
S475,S1077,0.55
S1120,S1466,0.81
S1202,S805,0.2
S198,S1672,0.1
S1113,S2474,0.93
S777,S1092,0.48
S692,S115,0.51
S433,S1139,0.24
S430,S2066,0.99
S6,S2146,0.41
S1955,S1129,0.12
S259,S894,0.38
S1549,S281,0.22
S2431,S1292,0.47
S230,S1966,0.97
S1649,S2157,0.28
S832,S1288,0.44
S1717,S1808,0.47
S2392,S315,0.63
S1508,S228,0.87
S2150,S1352,0.17
S175,S380,0.88
S79,S1103,0.83
S1747,S2008,0.2
S505,S832,0.14
S753,S245,0.37
S2256,S89,0.76
S2206,S1200,0.13
S1052,S210,0.14
S1238,S654,0.62
S1545,S882,0.74
S990,S906,0.2
S2100,S1188,0.75
S1531,S140,0.32
S2219,S35,0.36
S2259,S597,0.41
S800,S482,0.3
S518,S2472,0.5
S1016,S2056,0.84
S1001,S1649,0.61
S1979,S378,0.26
S1691,S2484,0.88
S791,S465,0.68
S24,S1836,0.37
S1166,S158,0.64
S1169,S1011,0.81
S1548,S931,0.45
S1235,S667,0.35
S2089,S343,0.86
S701,S2499,0.76
S631,S671,0.96
S1157,S202,0.38
S683,S1441,0.16
S30,S888,0.14
S344,S1318,0.81
S364,S724,0.13
S291,S760,0.63
S13,S1409,0.31
S159,S1530,0.31
S140,S1779,0.11
S859,S273,0.85
S1625,S1636,0.98
S1069,S995,0.68
S152,S330,0.21
S1079,S2143,0.59
S1876,S2063,0.93
S2110,S452,0.47
S1247,S930,0.99
S2126,S355,0.62
S2337,S162,0.7
S1670,S1028,0.89
S1532,S2487,0.28
S512,S1693,0.76
S1736,S1729,0.65
S1739,S2125,0.45
S2485,S736,0.14
S1227,S1972,0.56
S551,S49,0.26
S2166,S646,0.19
S1107,S1118,0.37
S915,S1903,0.34
S788,S79,0.45
S1583,S491,0.24
S1149,S2493,0.23
S770,S1564,0.87
S2338,S1990,0.44
S2257,S589,0.46
S2177,S821,0.72
S1264,S994,0.69
S395,S601,0.23
S388,S1904,0.18
S2231,S1126,0.58
S1013,S2321,0.91
S1764,S972,0.3
S1077,S1257,0.6
S668,S2301,0.47
S2001,S362,0.45
S1307,S2186,0.36
S1524,S233,0.12
S1980,S980,0.14
S582,S1236,0.88
S1275,S2072,0.19
S1621,S139,0.8
S702,S1738,0.95
S254,S1284,0.18
S208,S1358,0.59
S515,S1168,0.91
S351,S1193,0.7
S1717,S2266,0.73
S1706,S2488,0.88
S1940,S1185,0.26
S790,S19,0.84
S1213,S2106,0.71
S1966,S161,0.86
S2447,S1987,0.22
S2322,S2248,0.98
S1096,S982,0.27
S503,S1133,0.83
S704,S391,0.33
S25,S1429,0.81
S77,S2432,0.53
S131,S1081,0.31
S118,S1846,0.71
S1814,S1994,0.14
S218,S2207,0.51
S1904,S1274,0.32
S1712,S1609,0.48
S2397,S1051,0.36
S1545,S876,0.97
S301,S516,0.48
S1908,S1086,0.92
S702,S982,0.29
S1645,S1283,0.23
S1617,S168,0.79
S132,S2397,0.85
S1309,S965,0.88
S909,S227,0.82
S1616,S1406,0.73
S1717,S227,0.21
S782,S571,0.13
S1207,S171,0.69
S2274,S126,0.27
S1113,S2019,0.54
S2158,S1746,0.16
S1174,S874,0.37
S2122,S71,0.25
S373,S648,0.94
S961,S1134,0.26
S978,S1701,0.5
S1412,S967,0.15
S2047,S387,0.98
S1154,S2494,0.93
S1415,S1512,0.23
S300,S1306,0.38
S1717,S245,0.96
S1681,S1767,0.56
S765,S1603,0.85
S487,S2349,0.91
S574,S1493,0.11
S1970,S1616,0.45
S2217,S516,0.23
S1227,S2377,0.39
S2383,S476,0.13
S781,S2007,0.2
S1543,S1280,0.5
S2020,S1154,0.13
S1566,S337,0.11
S2208,S1446,0.26
S1667,S939,0.35
S269,S1189,0.85
S982,S1714,0.27
S290,S944,0.22
S1721,S1347,0.47
S120,S56,0.61
S2119,S1543,0.75
S1507,S1234,0.25
S2084,S966,0.15
S1184,S1531,0.54
S1988,S1284,0.64
S1451,S2261,0.97
S1708,S1026,0.16
S1184,S285,0.86
S2371,S492,0.54
S2232,S932,0.82
S1869,S1909,0.35
S1163,S331,0.79
S1980,S1550,0.93
S54,S1198,0.31
S529,S1541,0.82
S1339,S2388,0.32
S367,S956,0.81
S1527,S2477,0.83
S438,S809,0.15
S205,S406,0.12
S1375,S2159,0.29
S1046,S1556,0.16
S1621,S560,0.36
S2097,S350,0.5
S152,S2249,0.24
S877,S2229,0.31
S1761,S1235,0.9
S1547,S1459,0.94
S2296,S856,0.49
S1309,S849,0.91
S568,S2028,0.54
S266,S2296,0.35
S711,S231,0.86
S618,S95,0.33
S2323,S2385,0.64
S1176,S1776,0.86
S1974,S829,0.54
S1256,S1971,0.18
S834,S544,0.25
S600,S1519,0.11
S2056,S1687,0.36
S1824,S1175,0.13
S1419,S161,0.21
S824,S1026,0.28
S1721,S1752,0.31
S899,S2393,0.88
S1912,S1630,0.68
S1121,S1484,0.31
S1362,S251,0.75
S1812,S112,0.9
S745,S2094,0.81
S2439,S818,0.42
S940,S2186,0.2
S1269,S2402,0.98
S1920,S287,0.76
S1706,S183,0.5
S220,S2490,0.37
S520,S1383,0.45
S568,S1393,0.72
S2363,S925,0.29
S1579,S1383,0.19
S893,S807,0.43
S467,S1707,0.77
S1184,S1217,0.45
S161,S746,0.14
S94,S865,0.73
S1329,S93,0.84
S1172,S828,0.48
S637,S901,0.18
S918,S2224,0.65
S1824,S107,0.88
S1713,S1922,0.56
S635,S1477,0.85
S440,S689,0.26
S69,S552,0.52
S1723,S88,0.54
S2224,S805,0.7
S2443,S486,0.94
S1898,S1675,0.27
S1882,S1641,0.68
S666,S1395,0.37
S65,S228,0.81
S544,S1423,0.61
S654,S2075,0.41
S321,S590,0.57
S392,S154,0.21
S1816,S106,0.26
S861,S758,0.36
S947,S1683,0.73
S717,S791,0.35
S1983,S1806,0.3
S282,S140,0.55
S1401,S536,0.62
S962,S669,0.53
S381,S1555,0.65
S1624,S1238,0.65
S119,S1211,0.53
S2108,S953,0.74
S354,S1481,0.27
S1645,S1846,0.88
S165,S1490,0.24
S197,S1802,0.27
S549,S49,0.15
S1251,S649,0.33
S161,S1058,0.11
S2240,S2046,0.45
S1321,S1193,0.76
S505,S2254,0.34
S2232,S604,0.18
S334,S299,0.82
S1519,S847,0.46
S1267,S1586,0.33
S1879,S2418,0.56
S925,S565,0.96
S41,S1013,0.92
S2472,S1777,0.17
S850,S1871,0.18
S639,S1189,0.67
S1345,S9,0.82
S192,S1107,0.24
S1940,S896,0.6
S668,S232,0.41
S2013,S111,0.67
S1227,S884,0.15
S862,S274,0.6
S471,S1609,0.45
S1842,S1937,0.85
S2279,S1289,0.46
S1746,S497,0.58
S989,S681,0.28
S1618,S254,0.36
S1500,S1113,0.69
S1179,S2480,0.66
S1924,S1284,0.7
S793,S909,0.59
S1311,S2215,0.81
S2362,S2245,1.0
S849,S471,0.29
S1629,S1193,0.75
S1879,S1155,0.98
S2232,S1787,0.2
S2034,S1059,0.77
S1139,S620,0.21
S784,S837,0.87
S1222,S461,0.3
S1651,S677,0.18
S2013,S603,0.53
S863,S1892,0.49
S2021,S2364,0.34
S465,S1987,0.13
S71,S863,0.82
S340,S1379,0.83
S646,S2265,0.56
S1165,S1984,0.93
S22,S2075,0.8
S2020,S181,0.39
S120,S2040,0.96
S1368,S2419,0.98
S336,S1922,0.83
S1151,S1861,0.26
S322,S1445,0.32
S799,S1577,0.45
S440,S322,0.54
S105,S817,0.56
S671,S1417,0.75
S2288,S1038,0.72
S460,S366,0.8
S1955,S2015,0.85
S917,S370,0.41
S1698,S806,0.89
S944,S1474,0.16
S474,S2082,0.42
S1870,S347,0.67
S2247,S1673,0.81
S1478,S2130,0.19
S1464,S1453,0.18
S1900,S1944,0.13
S2222,S1203,0.78
S1734,S105,0.49
S1355,S23,0.55
S2417,S556,0.33
S2167,S1793,0.53
S1455,S1536,0.93
S347,S1420,0.48
S44,S991,0.53
S492,S136,0.67
S1819,S388,0.92
S1885,S1996,0.21
S1313,S1117,0.17
S1028,S37,0.43
S1283,S1882,0.88
S1544,S2465,0.62
S109,S1905,0.32
S1902,S1499,0.42
S2231,S2092,0.39
S360,S1184,0.35
S2168,S1009,0.1
S115,S273,0.15
S1024,S2036,0.84
S2299,S1237,0.14
S1974,S73,0.56
S1108,S1273,0.59
S708,S2318,0.11
S511,S1757,0.57
S2006,S103,0.92
S1784,S2044,0.73
S1179,S2207,0.59
S624,S943,0.47
S622,S817,0.94
S1773,S692,0.17
S310,S1420,0.22
S1575,S1547,0.11
S1284,S1119,0.29
S1902,S1431,0.29
S519,S2172,0.9
S1864,S2134,0.3
S520,S344,0.17
S235,S1183,0.47
S2128,S2078,0.84
S1648,S1315,0.22
S1485,S517,0.69
S1178,S1226,0.95
S1009,S1287,0.97
S471,S753,0.64
S630,S266,0.55
S1531,S1731,0.13
S2404,S1409,0.55
S1634,S1172,0.79
S156,S1810,0.48
S774,S2455,0.49
S739,S973,0.74
S30,S2251,0.64
S787,S778,0.35
S428,S1187,0.32
S1117,S1034,0.1
S356,S2179,0.59
S281,S929,0.79
S1099,S196,0.11
S1016,S792,0.55
S2006,S1264,0.84
S42,S1569,0.78
S1783,S8,0.53
S1571,S463,0.98
S1790,S434,0.15
S2322,S1358,0.73
S518,S1585,0.86
S913,S2393,0.6
S1820,S921,0.71
S858,S333,0.52
S1912,S466,0.23
S1781,S1777,0.5
S754,S2462,0.31
S1806,S891,0.57
S107,S2256,0.22
S1294,S939,0.12
S259,S281,0.73
S1440,S957,0.25
S1484,S1191,0.41
S1234,S1268,0.45
S2385,S2321,0.56
S1039,S226,0.34
S1965,S1675,0.74
S488,S253,0.81
S1589,S787,0.23
S44,S587,0.84
S1015,S214,0.32
S1880,S2470,0.73
S2125,S1442,0.13
S2209,S1961,0.23
S1811,S531,0.67
S1037,S1194,0.37
S1474,S850,0.88
S190,S595,0.89
S5,S692,0.29
S1939,S912,0.45
S762,S1055,0.24
S1392,S1000,0.74
S1623,S1365,0.24
S1042,S1724,0.35
S1069,S411,0.95
S1500,S2434,0.47
S1526,S543,0.92
S1679,S1318,0.5
S36,S1218,0.66
S2180,S1773,0.55
S2265,S20,0.16
S213,S2093,0.97
S2330,S2250,0.32
S1101,S2112,0.51
S644,S780,0.37
S2240,S895,0.88
S946,S1603,0.43
S1971,S1839,0.51
S2091,S392,0.14
S1809,S20,0.1
S485,S1247,0.63
S214,S1198,0.5
S1664,S109,0.7
S583,S2222,0.59
S421,S1363,0.66
S1526,S724,0.7
S473,S246,0.82
S1259,S514,0.36
S1166,S540,0.83
S617,S2115,0.38
S1751,S2371,0.76
S1610,S52,0.71
S1566,S960,0.22
S2357,S1388,0.93
S201,S1998,0.71
S2446,S2430,0.77
S132,S1870,0.32
S2187,S1281,0.82
S1680,S791,0.97
S1113,S2230,0.65
S1658,S299,0.8
S261,S436,0.85
S1463,S2273,0.89
S561,S2011,0.64
S1189,S764,0.26
S1330,S1233,0.11
S963,S17,0.22
S1420,S1790,0.62
S1478,S1372,0.21
S897,S669,0.89
S1207,S9,0.34
S2296,S1210,0.59
S1204,S2389,0.77
S1968,S61,0.11
S2347,S2396,0.18
S417,S1194,0.95
S1325,S1125,0.84
S2230,S2377,0.35
S2153,S361,0.85
S2463,S149,0.91
S523,S1387,0.38
S2367,S1101,0.64
S2008,S1376,0.54
S2440,S1371,0.52
S1092,S1881,0.29
S1349,S891,0.47
S587,S2264,0.83
S680,S1735,0.77
S556,S2430,0.64
S2446,S846,0.14
S2217,S1830,0.78
S958,S1242,0.78
S346,S2151,0.66
S323,S2387,0.12
S1536,S411,0.85
S1489,S1148,0.17
S2102,S1022,0.72
S1477,S803,0.6
S2291,S1971,0.72
S2077,S1466,0.83
S1424,S156,0.78
S965,S825,0.67
S1373,S982,0.96
S1652,S1121,0.5
S2070,S2443,0.75
S253,S1994,0.15
S768,S1900,0.22
S163,S1774,0.94
S938,S613,0.92
S480,S320,0.91
S1175,S1967,0.97
S325,S122,0.69
S195,S2014,0.69
S2106,S2053,0.68
S2291,S2401,0.75
S2019,S2437,0.8
S611,S772,0.25
S1420,S2437,0.44
S2075,S2098,0.29
S95,S277,0.35
S1059,S2019,0.73
S82,S1825,0.83
S465,S2149,0.73
S2264,S167,0.82
S368,S1851,0.12
S586,S824,0.75
S2340,S2199,0.71
S1585,S905,0.38
S1890,S980,0.78
S352,S792,0.94
S2443,S1180,0.48
S380,S346,0.12
S642,S425,0.22
S233,S1342,0.27
S344,S475,0.25
S1562,S2321,0.67
S385,S1079,0.52
S1079,S1852,0.64
S357,S1718,0.61
S1882,S2482,0.42
S1079,S384,0.77
S916,S148,0.46
S1143,S730,0.86
S427,S157,0.25
S1494,S258,0.73
S753,S153,0.21
S1282,S464,0.42
S1199,S1367,0.74
S10,S2454,0.23
S794,S610,0.44
S662,S1438,0.59
S1870,S593,0.57
S747,S1416,0.49
S1240,S2341,0.5
S2315,S2446,0.32
S1391,S973,0.68
S1734,S1315,0.68
S896,S2498,0.54
S50,S998,0.32
S86,S428,0.22
S2158,S2077,0.85
S61,S1038,0.11
S1980,S1644,0.96
S1949,S332,0.73
S22,S242,0.65
S2044,S616,0.94
S918,S2232,0.34
S92,S747,0.18
S2303,S224,0.25
S1181,S24,0.16
S2408,S295,0.56
S579,S2071,0.59
S2353,S1321,0.49
S1886,S113,0.35
S1568,S874,0.32
S1677,S1201,0.51
S258,S394,0.97
S263,S2363,0.21
S137,S2084,0.84
S44,S2206,0.62
S1092,S2178,0.76
S2386,S858,0.24
S2216,S1381,0.67
S474,S2238,0.56
S17,S2492,0.73
S1441,S1803,0.68
S1897,S1693,0.94
S1970,S1111,0.86
S1076,S460,0.68
S2170,S1174,0.29
S831,S860,0.64
S2192,S943,0.74
S1626,S476,0.66
S769,S788,0.5
S92,S737,0.33
S464,S912,0.34
S1058,S469,0.85
S2072,S2324,0.89
S1799,S386,0.65
S1026,S1551,0.61
S1440,S1364,0.18
S1742,S500,0.5
S1521,S398,0.17
S1784,S82,0.17
S852,S1232,0.86
S1910,S2195,0.13
S1808,S1056,0.77
S2059,S162,0.55
S1747,S1005,0.62
S814,S603,0.79
S458,S1415,0.85
S1272,S2468,0.29
S527,S1104,0.44
S1435,S1295,0.16
S1354,S1220,0.75
S829,S2246,0.56
S2067,S1599,0.55
S1003,S1486,0.22
S1066,S362,0.17
S69,S728,0.29
S1716,S447,0.81
S72,S709,0.72
S1039,S446,0.6
S283,S1667,0.34
S369,S739,0.17
S2104,S333,0.8
S695,S1854,0.89
S758,S1040,0.59
S597,S285,0.75
S365,S2167,0.23
S1713,S2209,0.32
S2477,S936,0.65
S705,S2275,0.91
S53,S2022,0.95
S608,S2094,0.19
S1529,S1431,0.68
S1144,S718,0.17
S2171,S1345,0.61
S854,S2223,0.98
S2194,S1860,0.15
S549,S1750,0.28
S200,S1424,0.62
S2229,S2271,0.19
S1493,S2256,0.25
S936,S558,0.81
S177,S1480,0.9
S2194,S591,0.69
S60,S1552,0.93
S542,S312,0.99
S1147,S1760,0.4
S1334,S2333,0.72
S1960,S1403,0.18
S1236,S642,0.99
S792,S248,0.46
S1816,S2103,0.44
S66,S74,0.97
S1107,S255,0.76
S1861,S194,0.76
S579,S120,0.74
S1248,S852,0.92
S35,S2041,0.21
S1612,S4,0.43
S836,S1033,0.5
S1240,S1710,0.17
S884,S1778,0.81
S1168,S1176,0.76
S1688,S280,0.49
S2099,S1661,0.71
S382,S1737,0.94
S2432,S1892,0.39
S1108,S1861,0.25
S1750,S342,0.41
S1074,S28,0.25
S1356,S1281,0.7
S2486,S2073,0.83
S55,S1667,0.54
S726,S2493,0.39
S1529,S143,0.38
S378,S1743,0.19
S1201,S2048,0.73
S1094,S2309,0.98
S1139,S1794,0.48
S494,S721,0.19
S1597,S180,0.88
S1804,S1204,0.58
S2324,S737,0.57
S224,S1382,0.2
S173,S1902,0.98
S2463,S1165,0.63
S828,S1915,0.41
S2265,S1019,0.23
S551,S1701,0.22
S1257,S2097,0.24
S1659,S2238,0.54
S927,S716,0.21
S1466,S983,0.35
S578,S1832,0.76
S2495,S2446,0.61
S497,S195,0.69
S2399,S1777,0.53
S325,S168,0.7
S745,S930,0.54
S247,S525,0.13
S2415,S124,0.66
S1716,S1347,0.47
S1402,S410,0.98
S2230,S66,0.82
S834,S1451,0.13
S1889,S964,0.18
S747,S2190,0.13
S814,S2070,0.66
S602,S2371,0.67
S2442,S1712,0.11
S1524,S542,0.63
S1274,S2210,0.17
S2373,S1693,0.68
S939,S1942,0.29
S1149,S8,0.42
S365,S2191,0.19
S1669,S387,0.98
S1966,S1237,0.72
S410,S185,0.15
S2386,S728,0.95
S475,S62,0.46
S562,S2378,0.8
S941,S2198,0.64
S1713,S1027,0.54
S1162,S1162,0.63
S2011,S288,0.86
S1375,S1360,0.32
S521,S248,0.53
S928,S1786,0.62
S2068,S2045,0.71
S2241,S1304,0.66
S2254,S2457,0.18
S1576,S1664,0.84
S649,S2040,0.3
S2181,S900,0.52
S2481,S1093,0.96
S427,S878,0.84
S2458,S1340,0.23
S2465,S1661,0.54
S946,S838,0.59
S847,S441,0.37
S1396,S1505,0.16
S1317,S1510,0.99
S1216,S2302,0.61
S640,S2268,0.67
S253,S364,0.46
S1654,S149,0.6
S363,S1857,0.56
S1999,S246,0.42
S1899,S2340,0.52
S1014,S2201,0.76
S1791,S2267,0.89
S2047,S855,0.74
S563,S81,0.97
S514,S126,0.83
S1859,S2232,0.12
S2318,S1768,0.62
S1844,S14,0.82
S1451,S1975,0.35
S1153,S742,0.52
S2328,S141,0.48
S598,S2110,0.76
S367,S123,0.32
S998,S346,0.26
S218,S1748,0.81
S1608,S677,0.91
S768,S957,0.11
S1071,S1829,0.95
S589,S266,0.77
S14,S1588,0.12
S1664,S162,0.48
S1106,S450,0.97
S2353,S1474,0.19
S1459,S489,0.55
S2172,S2099,0.75
S328,S342,0.85
S2151,S1812,0.31
S712,S119,0.43
S1094,S2451,0.84
S1006,S240,0.47
S1998,S417,0.87
S2212,S606,0.92
S2227,S1205,0.95
S2265,S1592,0.29
S897,S380,0.98
S542,S529,0.42
S919,S2227,0.93
S986,S1542,0.42
S1968,S603,0.23
S2434,S1454,0.22
S2448,S2190,0.53
S2356,S1659,0.69
S2151,S869,0.43
S267,S41,0.9
S1378,S2064,0.63
S320,S43,0.13
S1491,S2250,0.18
S2470,S1277,0.44
S2441,S1789,0.55
S222,S2268,0.54
S124,S125,0.95
S2241,S1002,0.8
S2304,S662,0.27
S1546,S1242,0.56
S2350,S1099,0.97
S1408,S173,0.98
S834,S1676,0.65
S216,S1843,0.64
S121,S1317,0.63
S869,S611,0.57
S28,S2474,0.15
S2254,S1906,0.29
S1426,S1620,0.66
S737,S444,0.37
S2277,S187,0.49
S606,S2306,0.59
S1568,S1607,0.92
S1287,S2469,0.96
S505,S220,0.63
S1708,S2026,0.48
S717,S1236,0.31
S2142,S2264,0.52
S385,S1977,0.33
S1960,S1032,0.32
S1073,S368,0.22
S915,S2075,0.41
S838,S746,0.23
S876,S1272,0.75
S719,S846,0.69
S2278,S1241,0.87
S1236,S1394,0.47
S1775,S1114,0.66
S2052,S588,0.78
S2258,S1377,0.84
S1051,S719,0.36
S931,S1459,0.2
S966,S365,0.65
S337,S2297,0.94
S1914,S397,0.73
S1856,S1990,0.66
S878,S1739,0.62
S2423,S1990,0.53
S1892,S1505,0.75
S2127,S585,0.24
S568,S518,0.12
S41,S2454,0.99
S2211,S1391,0.99
S411,S2452,0.8
S1819,S2266,0.36
S2094,S1881,0.91
S2003,S1746,0.83
S137,S15,0.42
S1324,S608,0.64
S50,S1306,0.27
S90,S1996,0.59
S1782,S2263,0.5
S147,S1435,0.4
S1735,S882,0.83
S2138,S1995,0.26
S541,S1564,0.8
S2277,S901,0.35
S2091,S1623,0.64
S1017,S1234,0.75
S1979,S1448,0.34
S604,S2255,0.13
S1945,S2476,0.45
S731,S2263,0.16
S406,S2219,0.93
S831,S880,0.34
S940,S1896,0.76
S59,S466,0.5
S24,S428,0.11
S2387,S1985,0.4
S896,S1777,0.39
S596,S1730,0.32
S2069,S748,0.83
S1479,S688,0.26
S224,S1378,0.58
S1696,S1737,0.41
S129,S1801,0.99
S854,S1621,0.55
S2349,S702,0.4
S1794,S70,0.32
S162,S1451,0.78
S907,S408,0.8
S1001,S848,0.1
S2394,S76,0.3
S1885,S1588,0.59
S1750,S693,0.51
S2291,S1692,0.74
S427,S555,0.95
S2250,S1056,0.11
S190,S213,0.68
S2344,S100,0.12
S2203,S2227,0.21
S1678,S1101,0.38
S636,S2427,0.86
S143,S927,0.36
S934,S709,0.7
S2327,S2245,0.19
S505,S1067,0.48
S1969,S269,0.46
S2119,S370,0.25
S2100,S1801,0.8
S671,S588,0.55
S1930,S732,0.31
S879,S2412,0.35
S1658,S2046,0.43
S2412,S427,0.54
S1515,S1496,0.14
S1643,S392,0.58
S2122,S1087,0.41
S855,S171,0.92
S556,S2297,0.47
S1258,S72,0.5
S2363,S1575,0.2
S1167,S1308,0.54
S1995,S587,0.3
S105,S1778,0.26
S1829,S48,0.52
S1208,S1818,0.43
S2034,S1249,0.98
S2401,S687,0.66
S2284,S1527,0.68
S1794,S1863,0.41
S685,S350,0.67
S1109,S2432,0.96
S1057,S1632,0.72
S673,S983,0.59
S277,S337,0.12
S646,S999,1.0
S1120,S478,0.28
S2437,S84,0.36
S128,S2431,0.79
S2163,S2025,0.61
S879,S2453,0.28
S1339,S1939,0.99
S1069,S414,0.94
S421,S632,0.15
S156,S403,0.22
S1601,S1043,0.37
S1805,S1608,0.3
S2478,S703,0.99
S1021,S421,0.45
S581,S2226,0.96
S2290,S153,0.26
S393,S729,0.85
S884,S905,0.88
S451,S1981,0.7
S2207,S2393,0.44
S2183,S1242,0.29
S2451,S2482,0.88
S1221,S1323,0.4
S1630,S2330,0.19
S426,S1320,0.82
S2064,S13,0.27
S1290,S2355,0.92
S483,S2325,0.69
S195,S502,0.17
S2429,S1728,0.6
S2327,S2466,0.82
S2339,S72,0.22
S1288,S789,0.46
S173,S1204,0.9
S1212,S2458,0.18
S2328,S2346,0.7
S438,S828,0.23
S130,S2318,0.14
S1849,S1524,0.44
S1511,S1784,0.25
S1444,S2370,0.18
S687,S66,0.66
S900,S2103,0.35
S272,S1558,0.75
S1028,S134,0.64
S2104,S1729,0.28
S251,S440,0.38
S1230,S1825,0.41
S1204,S996,0.91
S299,S1718,0.96
S973,S1052,0.68
S1420,S205,0.87
S1215,S308,0.2
S60,S1591,0.94
S1054,S2293,0.26
S710,S2201,0.94
S2097,S2162,0.3
S1630,S2195,0.98
S856,S770,0.65
S2430,S1558,0.7
S2124,S962,0.37
S717,S1189,0.53
S276,S1223,0.33
S1447,S1388,0.38
S1630,S1301,1.0
S1325,S1266,0.63
S987,S37,0.61
S1520,S1672,0.75
S378,S1022,0.38
S1528,S2085,0.39
S418,S2026,0.61
S1507,S1710,0.87
S2281,S365,0.3
S1556,S1693,0.8
S1253,S886,0.72
S35,S693,0.27
S1416,S704,0.16
S183,S602,0.37
S530,S1456,0.83
S462,S85,0.73
S2296,S1174,0.88
S2357,S107,0.57
S49,S388,0.37
S1534,S192,0.89
S2226,S889,0.93
S6,S1630,0.8
S1785,S1698,0.83
S178,S357,0.45
S505,S589,0.61
S264,S2482,0.49
S2316,S183,0.69
S729,S530,0.75
S1810,S1270,0.95
S1377,S490,0.11
S10,S2369,0.81
S2098,S1547,0.58
S1593,S149,0.96
S2030,S922,0.97
S520,S2418,0.49
S2269,S120,0.23
S1870,S1989,0.9
S1391,S965,0.19
S1399,S346,0.6
S2028,S1640,0.27
S2001,S2020,0.98
S1575,S688,0.23
S1055,S63,0.72
S1920,S330,0.17
S516,S1314,0.25
S1352,S1475,0.75
S1672,S1662,0.21
S570,S1978,0.61
S443,S1301,0.67
S319,S119,0.92
S120,S24,0.32
S2385,S101,0.81
S147,S997,0.64
S2260,S1211,0.1
S268,S1132,0.89
S1266,S322,0.87
S1091,S1707,0.51
S2483,S2127,0.92
S1296,S2036,0.19
S2291,S1154,0.78
S259,S996,0.27
S2119,S773,0.45
S620,S2255,0.64
S2287,S1634,0.69
S919,S1484,0.93
S2205,S1891,0.93
S1358,S1605,0.18
S1976,S1245,0.77
S979,S1515,0.35
S1030,S914,0.71
S1014,S801,0.4
S977,S718,0.78
S2196,S2186,0.38
S562,S77,0.18
S1361,S987,0.7
S1077,S633,0.75
S918,S959,0.6
S461,S687,0.86
S1407,S2122,0.87
S216,S239,0.17
S419,S2478,0.17
S691,S1278,0.88
S228,S1267,0.63
S1640,S810,0.62
S1661,S179,0.14
S1822,S1289,0.45
S499,S608,0.26
S1457,S2352,0.9
S643,S1301,0.84
S138,S1658,0.37
S1000,S1624,0.7
S2034,S1635,0.56
S1254,S2199,0.56
S1866,S935,0.46
S880,S1714,0.64
S461,S609,0.9
S1876,S2219,0.8
S123,S925,0.75
S604,S332,0.91
S470,S196,0.89
S1154,S1910,0.12
S319,S205,0.59
S2236,S1417,0.35
S593,S1178,0.77
S830,S668,0.82
S732,S2245,0.54
S2400,S2163,0.55
S1703,S1825,0.1
S2337,S739,0.5
S2310,S282,0.91
S1832,S1261,0.9
S1262,S681,0.8
S976,S299,0.61
S1692,S963,0.66
S1685,S870,0.63
S841,S2357,0.79
S578,S919,0.53
S768,S28,0.42
S1380,S2401,0.38
S2365,S2348,0.46
S2050,S187,0.76
S459,S1544,0.31
S666,S906,0.91
S14,S1138,0.16
S2449,S949,0.57
S406,S1431,0.41
S2188,S278,0.43
S1806,S1998,0.5
S881,S15,0.75
S2181,S510,0.69
S1153,S1030,0.8
S1234,S1575,0.35
S1978,S1796,0.7
S459,S1818,0.8
S744,S2408,0.67
S1121,S1931,0.83
S479,S2433,0.12
S75,S679,0.61
S2451,S1591,0.61
S1673,S1063,0.37
S207,S937,0.96
S801,S1636,0.59
S63,S1904,1.0
S729,S281,0.81
S858,S2464,0.15
S569,S2280,0.49
S1462,S328,0.71
S1056,S1562,0.97
S161,S976,0.31
S306,S754,0.28
S1767,S976,0.41
S2268,S818,0.5
S804,S314,0.55
S933,S172,0.26
S1708,S1403,0.52
S3,S648,0.66
S277,S1971,0.42
S2281,S1392,0.66
S2462,S1292,0.88
S1826,S1127,0.67
S2205,S118,0.4
S380,S1252,0.49
S1071,S608,0.57
S1293,S1144,0.41
S2068,S46,0.59
S479,S1226,0.2
S1683,S616,0.62
S1227,S949,0.4
S1045,S605,0.65
S783,S1750,0.21
S1039,S848,0.48
S762,S739,0.75
S2108,S845,0.88
S2406,S2013,0.65
S1538,S1404,0.77
S1026,S1497,0.46
S2339,S1477,0.92
S822,S2368,0.74
S2196,S1264,0.61
S271,S2249,0.44
S399,S480,0.58
S1766,S1334,0.65
S49,S2113,0.67
S397,S774,0.48
S1217,S638,0.25
S1054,S1893,0.45
S665,S1950,0.22
S2458,S1093,0.93
S1250,S1833,0.63
S950,S469,0.42
S1770,S1059,0.5
S844,S927,0.79
S349,S454,0.36
S791,S286,0.48
S392,S90,0.34
S657,S728,0.53
S2423,S1454,0.2
S2228,S1666,0.18
S1217,S1306,0.68
S928,S965,0.1
S456,S1714,0.21
S2144,S514,0.76
S711,S1978,0.81
S1372,S108,0.37
S534,S370,0.29
S1338,S922,0.16
S1045,S928,0.45
S1954,S1063,0.38
S745,S2400,0.51
S381,S1419,0.53
S1638,S1621,0.62
S1892,S1238,0.22
S1456,S1782,0.97
S516,S1144,0.29
S545,S1871,0.32
S2233,S2171,0.27
S1768,S2098,0.24
S1436,S854,0.86
S2230,S15,0.3
S1244,S1222,0.12
S463,S1314,0.93
S2467,S1189,0.52
S818,S1021,0.52
S2407,S771,0.26
S2454,S911,0.38
S882,S493,0.39
S2310,S785,0.32
S298,S2000,0.72
S1309,S153,0.76
S1297,S910,0.1
S1947,S2069,0.67
S271,S905,0.45
S1426,S754,0.38
S1093,S1632,0.37
S1161,S364,0.61
S2160,S1792,0.74
S266,S1465,0.89
S2053,S1439,0.22
S1015,S118,0.67
S2062,S1163,0.97
S1159,S1847,0.51
S1054,S664,0.94
S346,S1578,0.94
S1236,S1326,0.31
S322,S1312,0.57
S29,S1599,0.28
S1966,S405,0.76
S2271,S1075,0.32
S1751,S949,0.13
S2002,S912,0.33
S746,S2369,0.11
S2419,S1640,0.3
S164,S2350,0.87
S1953,S2152,0.35
S1216,S1171,0.51
S2162,S128,0.9
S740,S2468,0.24
S261,S58,0.14
S2207,S2394,0.16
S1420,S1991,0.87
S111,S1774,0.43
S1100,S2047,0.98
S1818,S692,0.68
S1190,S1904,0.67
S1841,S1134,0.19
S106,S1090,0.35
S2356,S42,0.53
S126,S1678,0.12
S1479,S2176,0.14
S1244,S1132,0.8
S268,S1303,0.41
S1033,S511,0.57
S1212,S1728,0.45
S1417,S1811,0.17
S1590,S405,0.11
S1426,S1078,0.29
S774,S1927,0.1
S1955,S1901,0.51
S612,S344,0.67
S1803,S980,0.38
S1256,S458,0.37
S1996,S2138,0.3
S241,S347,0.33
S561,S1072,0.46
S1669,S1453,0.67
S415,S1087,1.0
S1376,S2368,0.38
S1496,S1996,0.49
S2341,S2114,0.97
S2187,S1641,0.14
S1403,S433,0.62
S23,S810,0.33
S1004,S670,0.74
S2400,S186,0.7
S1454,S567,0.65
S1809,S2041,0.25
S137,S1392,0.7
S1935,S1583,0.33
S2415,S2025,0.13
S463,S1177,0.6
S401,S1745,0.83
S1422,S2023,0.26
S1786,S2355,0.46
S86,S2049,0.46
S2090,S1107,0.12
S1701,S2212,0.83
S486,S2122,0.31
S270,S314,0.58
S780,S2391,0.97
S2323,S1065,0.79
S1387,S622,0.14
S986,S2332,0.14
S492,S1835,0.74
S44,S636,0.97
S1852,S883,0.44
S1252,S764,0.52
S1883,S391,0.9
S1582,S2106,0.28
S1437,S759,0.92
S926,S2011,0.25
S1236,S1887,0.17
S2122,S848,0.71
S1331,S963,0.9
S658,S1180,0.55
S2270,S1607,0.36
S1628,S352,0.53
S1203,S2314,0.9
S2302,S1792,0.62
S2106,S2060,0.48
S106,S264,0.37
S1096,S1685,0.37
S1507,S2429,0.16
S1297,S377,0.47
S2252,S2069,0.73
S1275,S1362,0.66
S1955,S585,0.89
S1598,S1664,0.5
S2082,S2115,0.13
S1612,S620,0.17
S618,S188,0.82
S1983,S2406,0.14
S457,S401,0.97
S2067,S2146,0.71
S1211,S797,0.26
S975,S2281,0.88
S416,S2369,0.18
S2158,S1273,0.87
S288,S1915,0.73
S16,S149,0.68
S1758,S2435,0.41
S2211,S957,0.78
S195,S983,0.4
S1607,S932,0.7
S869,S2130,0.33
S1055,S1115,0.17
S464,S25,0.88
S1556,S1678,0.39
S208,S1320,0.11
S1736,S435,0.7
S2408,S1224,0.42
S778,S1049,0.69
S1197,S1279,0.82
S300,S373,0.49
S177,S637,0.34
S15,S2200,0.9
S522,S1267,0.2
S245,S1728,0.22
S79,S144,0.23
S2356,S2336,0.67
S986,S1786,0.37
S858,S2429,0.72
S1229,S2157,0.62
S58,S2384,0.82
S1966,S2013,0.33
S431,S287,0.34
S1753,S1152,0.82
S1433,S2398,0.68
S2327,S1767,0.43
S1028,S93,0.99
S197,S2411,0.68
S1758,S1772,0.88
S2469,S630,0.52
S1065,S704,0.26
S843,S2249,0.4
S758,S2040,0.45
S934,S144,0.33
S346,S1742,0.2
S1105,S2084,0.9
S1194,S2358,0.63
S2349,S2201,0.74
S562,S1547,0.65
S1313,S2207,0.25
S2457,S1988,0.24
S1759,S359,0.36
S82,S1955,0.79
S943,S1255,0.83
S1715,S1355,0.25
S338,S1626,0.75
S6,S1603,0.24
S767,S237,0.97
S1143,S306,0.29
S1028,S1828,0.58
S1661,S1367,0.49
S121,S1449,0.38
S1521,S1240,0.95
S870,S1955,0.54
S85,S905,0.88
S1333,S1579,0.5
S1477,S1331,0.6
S2048,S1903,0.55
S1450,S632,0.13
S461,S2282,0.58
S765,S1435,0.34
S2241,S375,0.84
S1325,S1315,0.35
S2397,S803,0.32
S1606,S106,0.88
S2291,S2331,0.47
S2026,S860,0.8
S1477,S2270,0.53
S1387,S1188,0.98
S266,S1443,0.68
S1869,S280,0.1
S2338,S97,0.22
S321,S322,0.18
S1497,S1334,0.38
S1125,S1753,0.8
S1092,S364,0.68
S138,S694,0.61
S636,S2314,0.9
S2285,S1861,0.82
S1606,S2278,0.92
S984,S771,0.61
S313,S1440,0.85
S2391,S743,0.63
S2372,S2035,0.56
S362,S662,0.15
S2051,S580,0.64
S1699,S2038,0.13
S426,S46,0.18
S640,S1082,0.41
S1563,S1642,0.96
S152,S1745,0.41
S791,S2408,0.82
S1043,S715,0.96
S351,S2281,0.86
S52,S591,0.61
S2018,S1622,0.37
S1738,S219,0.62
S636,S1954,0.3
S93,S2139,0.83
S464,S810,0.62
S819,S1491,1.0
S1036,S1791,0.91
S358,S1474,0.19
S1321,S2219,0.3
S2346,S1027,0.85
S247,S317,0.1
S2124,S581,0.71
S1809,S1843,0.31
S35,S384,0.44
S961,S934,0.18
S1559,S2090,0.16
S1761,S1997,0.16
S392,S1295,0.4
S802,S782,0.88
S373,S1995,0.77
S2466,S1607,0.81
S703,S2169,0.44
S211,S1695,0.92
S925,S1346,0.13
S1811,S1091,0.79
S79,S794,0.42
S1186,S1835,0.3
S1502,S613,0.89
S1484,S1593,0.71
S1779,S2026,0.26
S1445,S1492,0.35
S1864,S1392,0.26
S2471,S592,0.84
S1147,S1227,0.26
S201,S2090,0.69
S2357,S1450,0.23
S982,S1450,0.82
S1085,S554,0.75
S214,S837,0.99
S1463,S1997,0.18
S1801,S1433,0.17
S576,S966,0.67
S2036,S1236,0.4
S2455,S239,0.32
S777,S1039,0.3
S177,S727,0.29
S128,S1065,0.54
S1257,S1428,0.11
S1966,S142,0.15
S1234,S922,0.93
S84,S1743,0.46
S355,S1873,0.58
S798,S1891,0.16
S1256,S1944,0.74
S646,S1591,0.26
S346,S2139,0.14
S728,S2384,0.29
S262,S1537,0.13
S980,S2205,0.98
S1414,S2398,0.25
S1205,S1183,0.31
S59,S1187,0.59
S2286,S1943,0.52
S2055,S1457,0.76
S1769,S2433,0.39
S1432,S423,0.99
S1381,S1469,0.92
S977,S1942,0.48
S669,S853,0.53
S1710,S1563,0.53
S2256,S1660,0.69
S216,S1534,0.69
S969,S2166,0.91
S301,S898,0.86
S1682,S1401,0.52
S398,S2001,0.17
S1747,S1827,0.95
S83,S1087,0.41
S502,S1447,0.56
S2370,S1179,0.69
S95,S989,0.43
S1820,S255,0.31
S1311,S905,0.98
S462,S73,0.11
S2131,S2393,0.83
S1471,S2356,0.19
S1777,S1065,0.24
S616,S1992,0.29
S934,S26,0.15
S2393,S1177,0.41
S623,S986,0.8
S402,S1725,0.16
S2128,S108,0.24
S725,S1780,0.64
S2293,S841,0.43
S2281,S1111,0.13
S805,S1960,0.59
S1942,S2163,0.82
S1685,S209,0.92
S299,S1690,0.76
S1593,S840,0.39
S468,S810,0.79
S1286,S1833,0.76
S1872,S411,0.43
S1733,S1112,0.32
S695,S1282,0.15
S1784,S1093,0.35
S1540,S1089,0.13
S261,S397,0.34
S2119,S1940,0.28
S1631,S2113,0.69
S909,S2028,0.37
S285,S1987,0.22
S280,S1777,0.22
S2239,S395,0.49
S1464,S691,0.47
S2170,S476,0.2
S83,S156,0.13
S1134,S1713,0.34
S884,S1935,0.2
S155,S1409,0.4
S583,S1066,0.6
S1182,S2484,0.63
S912,S11,0.93
S293,S976,0.1
S2192,S2036,0.81
S988,S376,0.65
S135,S1327,0.46
S450,S221,0.89
S2437,S340,0.26
S1690,S296,0.69
S623,S1791,0.33
S1245,S2163,0.39
S548,S674,0.37
S1989,S698,0.56
S1093,S1034,0.12
S340,S2429,0.57
S827,S978,0.3
S1602,S541,0.2
S1784,S636,0.92
S657,S533,0.76
S2077,S2359,0.55
S2455,S227,0.17
S1391,S157,0.89
S1144,S1593,0.66
S827,S486,0.89
S2364,S583,0.65
S2179,S199,0.79
S2168,S319,0.42
S858,S799,0.32
S317,S777,0.72
S1846,S1085,0.7
S756,S1933,0.16
S264,S237,0.87
S1271,S2388,0.17
S157,S100,0.31
S1755,S805,0.8
S573,S194,0.17
S741,S2492,0.5
S1120,S913,0.58
S1739,S57,0.54
S817,S939,0.75
S1459,S383,0.3
S2106,S1741,0.75
S2498,S450,0.87
S1446,S1860,0.56
S2327,S555,0.19
S1995,S2082,0.33
S194,S801,0.36
S916,S846,0.18
S1474,S725,0.68
S1864,S2056,0.76
S211,S596,0.36
S744,S381,0.73
S1117,S443,0.94
S2318,S1599,0.23
S1880,S835,0.42
S78,S564,0.43
S204,S1838,0.77
S89,S1971,0.71
S1450,S1229,0.3
S2068,S1447,0.11
S1027,S2484,0.87
S580,S1496,0.13
S30,S1212,0.27
S752,S443,0.2
S2347,S1164,0.12
S2250,S2002,0.36
S2477,S1686,0.79
S1094,S404,0.58
S94,S458,0.36
S2046,S521,0.45
S815,S2441,0.9
S2480,S1928,0.45
S1772,S137,0.28
S1330,S2473,0.36
S727,S1397,0.22
S52,S532,0.46
S1148,S1825,0.62
S1743,S1780,0.59
S1384,S678,0.38
S2415,S1390,0.32
S1319,S641,0.79
S1756,S2050,0.99
S1063,S975,0.82
S1472,S2477,0.44
S2096,S1066,0.53
S20,S28,0.61
S36,S1523,0.9
S1492,S403,0.82
S529,S1135,0.91
S967,S418,0.74
S1219,S966,0.85
S857,S1332,0.52
S1125,S1588,0.93
S1275,S1531,0.13
S2148,S575,0.51
S342,S461,0.83
S230,S2118,0.43
S392,S1299,0.49
S128,S1182,0.27
S172,S431,0.9
S100,S659,0.12
S1562,S1238,0.39
S2269,S496,0.96
S1939,S849,0.21
S584,S78,0.91
S1399,S2014,0.82
S936,S258,0.18
S1003,S880,0.75
S1768,S2497,0.55
S1868,S134,0.51
S1558,S2231,0.92
S1802,S2196,0.26
S1182,S1079,0.67
S136,S156,0.18
S1784,S405,0.33
S1009,S608,0.89
S555,S1650,0.34
S2023,S1340,0.5
S1022,S2403,0.62
S1074,S27,0.91
S1661,S371,0.94
S1486,S744,0.25
S1124,S2210,0.81
S27,S1009,0.64
S1929,S2440,0.2
S2448,S2066,0.25
S1810,S1916,0.12
S2295,S1816,0.24
S466,S2244,0.97
S1353,S409,0.85
S393,S506,0.41
S2000,S1517,0.35
S1114,S144,0.43
S1942,S863,0.55
S1184,S1640,0.86
S513,S955,0.92
S1003,S123,0.69
S166,S1486,0.41
S1613,S1446,0.53
S1713,S1633,0.17
S1283,S638,0.65
S2229,S487,0.28
S1756,S1560,0.79
S371,S215,0.12
S131,S1378,0.67
S595,S859,0.94
S955,S538,0.23
S1486,S433,0.41
S1053,S604,0.95
S2065,S119,0.41
S651,S24,0.6
S404,S283,0.64
S1275,S115,0.15
S960,S723,0.73
S1423,S251,0.51
S1554,S1223,0.86
S1539,S2133,0.91
S2397,S866,0.53
S358,S16,0.46
S570,S2092,0.21
S892,S2471,0.4
S1231,S2276,0.74
S1009,S1230,0.76
S1644,S181,0.79
S2043,S1706,0.27
S2260,S1863,0.19
S497,S1273,0.34
S328,S2498,0.55
S1272,S1342,0.19
S2412,S2302,0.77
S2084,S1619,0.19
S754,S1608,0.61
S1585,S2231,0.76
S2283,S1549,0.55
S1825,S582,0.65
S1729,S833,0.63
S154,S1689,0.34
S1521,S90,0.62
S2492,S689,0.72
S1269,S727,0.22
S111,S1529,0.15
S1140,S728,0.73
S2464,S2261,0.16
S840,S1557,0.88
S152,S809,0.14
S562,S750,0.12
S416,S2391,0.94
S1303,S2358,0.87
S1595,S2144,0.35
S256,S568,0.75
S88,S2281,0.97
S624,S2363,0.66
S2276,S401,0.94
S2040,S1960,0.13
S990,S2169,0.99
S2011,S2158,0.21
S1749,S1002,0.5
S764,S2324,0.76
S193,S2360,0.24
S1945,S1818,0.89
S2043,S1794,0.76
S2337,S1832,0.76
S471,S1848,0.78
S479,S1911,0.71
S643,S692,0.86
S1689,S133,0.59
S664,S2081,0.18
S858,S1406,0.12
S1051,S1420,0.91
S344,S820,0.73
S1799,S1109,0.13
S1218,S2378,0.35
S1190,S634,0.63
S2084,S1212,0.62
S2480,S2142,0.54
S2318,S613,0.54
S158,S715,0.83
S1501,S331,0.2
S582,S1042,0.6
S1485,S276,0.68
S2265,S2312,0.35
S978,S723,0.27
S367,S2381,0.8
S2243,S2227,0.21
S343,S1049,0.99
S2049,S227,0.47
S1031,S1917,0.81
S1046,S1418,0.59
S1312,S1189,0.35
S2052,S710,0.21
S1794,S2230,0.42
S1400,S335,0.68
S728,S2307,0.68
S1883,S1191,0.56
S1601,S1393,0.37
S1600,S326,0.64
S1052,S570,0.28
S44,S469,0.74
S2168,S1323,0.97
S1232,S1409,0.19
S2171,S145,0.92
S210,S940,0.29
S1928,S2347,0.42
S1893,S278,0.68
S1096,S461,0.79
S1745,S239,0.39
S783,S1545,0.86
S2200,S1498,0.92
S236,S1254,0.88
S2012,S540,0.55
S1256,S1386,0.57
S646,S1230,0.45
S997,S1859,0.32
S1529,S2311,0.29
S1750,S26,0.46
S483,S755,0.29
S2124,S980,0.47
S809,S2337,0.79
S310,S937,0.52
S2176,S1318,0.31
S340,S922,0.93
S1568,S574,0.59
S671,S1503,0.74
S462,S72,0.98
S268,S2458,0.48
S680,S1516,0.63
S755,S1104,1.0
S1962,S166,0.36
S2103,S569,0.52
S534,S2209,0.29
S1971,S2441,0.15
S2110,S1322,0.21
S2127,S547,0.76
S265,S750,0.29
S811,S289,0.42
S1590,S2141,0.29
S1565,S1747,0.8
S1235,S2119,0.48
S2030,S142,0.95
S2304,S169,0.18
S748,S231,0.23
S1627,S2127,0.86
S2105,S890,0.78
S2185,S20,0.3
S430,S1205,0.38
S1003,S1471,0.56
S1127,S1700,0.16
S2241,S531,0.48
S2051,S2263,0.38
S1329,S1757,0.69
S1065,S1025,0.75
S81,S2071,0.71
S527,S1001,0.11
S1288,S1919,0.37
S1984,S1907,0.7
S866,S1101,0.99
S927,S2468,0.7
S124,S1159,0.76
S46,S541,0.23
S1855,S1917,0.6
S973,S2052,0.33
S1663,S2323,0.3
S2333,S154,0.73
S1850,S244,0.41
S2017,S2187,0.14
S2479,S942,0.7
S669,S2474,0.53
S337,S758,0.13
S1839,S1416,0.18
S2033,S392,0.88
S1918,S2158,0.67
S2168,S2321,0.74
S1806,S124,0.98
S906,S646,0.31
S1559,S1547,0.74
S951,S960,0.14
S203,S2430,0.69
S2316,S412,0.14
S1917,S2418,0.69
S1532,S1173,0.65
S369,S1868,0.64
S591,S894,0.95
S820,S712,0.16
S1660,S145,0.9
S160,S935,0.35
S1245,S259,0.45
S409,S464,0.41
S947,S2123,0.29
S442,S311,0.96
S2430,S1724,0.87
S1411,S713,0.75
S1060,S2472,0.89
S1766,S2071,0.38
S768,S931,0.19
S1005,S209,0.24
S747,S820,0.94
S981,S441,0.57
S1772,S287,0.65
S777,S1727,0.53
S156,S1552,0.82
S1754,S2442,0.58
S1029,S1850,0.14
S317,S2039,0.67
S1125,S1831,0.37
S461,S233,0.34
S1948,S1494,0.42
S1554,S1502,0.75
S1612,S847,0.71
S1177,S407,0.86
S2246,S1137,0.74
S93,S2489,0.3
S1358,S340,0.14
S2294,S1215,0.85
S1929,S1425,0.22
S2391,S205,0.64
S1869,S569,0.59
S1717,S1482,0.32
S1422,S1198,0.74
S449,S1296,0.5
S151,S446,0.85
S1765,S318,0.21
S1427,S942,0.31
S622,S373,0.81
S2417,S2244,0.94
S1901,S1164,0.94
S2126,S568,0.64
S219,S1606,0.64
S1998,S1703,0.79
S1778,S457,0.2
S2246,S731,0.55
S307,S1230,0.23
S324,S2153,0.61
S837,S316,0.67
S1618,S1462,0.93
S224,S335,0.21
S2034,S872,0.94
S1207,S275,0.29
S1558,S1779,0.71
S947,S1749,1.0
S1426,S2290,0.21
S1519,S1632,0.77
S2320,S1803,0.77
S576,S839,0.34
S28,S1012,0.84
S149,S1,0.72
S2226,S1900,0.62
S1200,S1916,0.33
S1860,S208,0.72
S1384,S1638,0.1
S559,S237,0.25
S718,S163,0.86
S473,S50,0.91
S2016,S64,0.32
S292,S111,0.64
S1104,S339,0.37
S1363,S1635,0.92
S1681,S591,0.4
S2055,S1656,0.75
S367,S890,0.7
S1841,S578,0.57
S820,S329,0.95
S954,S2063,0.31
S2497,S2425,0.3
S2119,S575,0.98
S1469,S286,0.87
S1964,S1320,0.34
S809,S2109,0.42
S76,S202,0.25
S2027,S2051,0.33
S1394,S2145,0.64
S1276,S507,0.67
S1492,S1970,0.66
S2323,S817,0.73
S1299,S579,0.14
S1901,S2335,0.7
S1690,S2405,0.5
S1508,S1410,0.29
S1388,S320,0.87
S931,S119,0.84
S801,S1366,0.61
S1350,S744,0.28
S244,S2367,0.48
S2405,S2465,0.57
S431,S2356,0.14
S2307,S702,0.43
S1833,S1700,0.17
S1452,S242,0.97
S904,S1557,0.62
S507,S163,0.73
S143,S1758,0.17
S2437,S705,0.32
S2024,S16,0.84
S1011,S1565,0.59
S2116,S614,0.16
S532,S973,0.74
S2187,S236,0.63
S315,S528,0.8
S95,S1786,0.63
S139,S1408,0.55
S992,S1258,0.66
S2061,S1126,0.49
S1496,S580,0.59
S1342,S1461,0.26
S2188,S859,0.84
S676,S1263,0.23
S1204,S465,0.16
S458,S1188,0.86
S1578,S2223,0.42
S771,S482,0.77
S2351,S1558,0.39
S2076,S2180,0.47
S2366,S1981,0.54
S264,S2065,0.61
S1858,S925,0.63
S1918,S493,0.54
S1623,S584,0.54
S1510,S559,0.4
S62,S2359,0.92
S857,S1050,0.23
S1114,S936,0.98
S1836,S2170,0.2
S347,S1986,0.78
S1084,S426,0.24
S279,S2014,0.37
S2278,S1832,0.92
S689,S1081,0.68
S1109,S844,0.41
S481,S606,0.53
S2477,S1273,0.24
S169,S1761,0.57
S716,S2487,0.17
S2089,S1531,0.85
S469,S1391,0.9
S1254,S1657,0.49
S710,S2339,0.9
S1773,S1966,0.56
S2403,S747,0.44
S695,S103,0.35
S756,S2492,0.45
S1400,S2243,0.21
S1157,S339,0.71
S584,S753,0.37
S889,S861,0.33
S1097,S561,0.18
S117,S1037,0.73
S239,S1166,0.41
S1319,S750,0.4
S1274,S176,0.16
S1727,S2432,0.72
S651,S754,0.95
S2154,S1615,0.18
S2062,S655,0.51
S217,S1115,0.68
S164,S2101,0.71
S661,S124,0.39
S2028,S1511,0.26
S484,S1166,0.87
S1274,S1851,0.24
S127,S622,0.69
S967,S1930,0.85
S1763,S749,0.34
S1914,S528,0.58
S1797,S1082,0.54
S787,S1857,0.96
S1300,S559,0.67
S1548,S1408,0.47
S574,S2145,0.77
S299,S526,0.55
S563,S2385,0.92
S2061,S1889,0.81
S313,S1569,0.65
S1314,S1434,0.33
S83,S38,0.39
S1791,S377,0.95
S1277,S2,0.75
S1800,S2032,0.46
S812,S1242,0.45
S1017,S686,0.96
S495,S2256,0.77
S564,S2406,0.29
S1270,S1541,0.11
S2032,S632,0.15
S904,S1345,0.98
S1990,S2201,0.35
S2134,S2396,0.75
S1420,S1110,0.72
S67,S2295,0.7
S1035,S93,0.94
S2070,S254,0.55
S665,S2415,0.92
S2213,S2463,0.5
S1478,S1097,0.96
S875,S478,0.29
S604,S1026,0.27
S1796,S12,0.38
S1139,S1701,0.45
S846,S558,0.38
S869,S1668,0.17
S2346,S1710,0.51
S17,S454,0.81
S958,S1861,0.44
S1395,S167,0.76
S80,S2352,0.98
S2064,S831,0.61
S890,S1037,0.92
S1648,S1359,0.27
S1845,S800,0.37
S1178,S1013,0.27
S363,S2363,0.76
S10,S2352,0.54
S156,S1704,0.3
S595,S2429,0.19
S486,S1776,0.36
S1161,S1210,0.28
S1004,S707,0.85
S1774,S537,1.0
S2207,S1888,0.83
S795,S1504,0.43
S1291,S222,0.39
S926,S121,1.0
S525,S317,0.79
S1569,S2020,0.64
S240,S1987,0.97
S1911,S2166,0.55
S1211,S431,0.34
S1113,S1438,0.11
S954,S1243,0.49
S452,S210,0.28
S680,S2221,0.78
S1397,S1411,0.62
S2388,S653,0.56
S619,S1905,0.93
S2075,S2347,0.87
S876,S1842,0.41
S2375,S1858,0.79
S1857,S1222,0.28
S1416,S768,0.9
S2216,S2122,0.27
S178,S326,0.86
S1872,S464,0.74
S2036,S1994,0.14
S280,S551,0.17
S1897,S791,0.99
S1083,S1184,0.61
S399,S1107,0.95
S426,S539,0.15
S418,S2314,0.17
S1940,S1477,0.43
S2049,S1940,0.73
S887,S2215,0.27
S1897,S1447,0.23
S173,S2335,0.81
S1517,S2035,0.73
S915,S1299,0.19
S1239,S336,0.85
S1803,S318,0.45
S1265,S1649,0.81
S923,S2113,0.93
S167,S1380,0.76
S1331,S1771,0.36
S1912,S793,0.12
S1574,S1728,0.11
S601,S1139,0.7
S2499,S2088,0.15
S2370,S2044,0.47
S2321,S1564,0.73
S1606,S2322,0.11
S1738,S271,0.24
S974,S1913,0.18
S2073,S1892,0.8
S2290,S2432,0.17
S2233,S569,0.25
S284,S230,0.22
S1242,S2444,0.84
S687,S1116,0.21
S1216,S1789,0.46
S647,S516,0.47
S1063,S906,0.63
S243,S211,1.0
S486,S2329,0.32
S1488,S1598,0.62
S2077,S93,0.49
S1623,S1389,0.11
S1816,S2142,0.21
S1182,S278,0.86
S1164,S1687,0.99
S132,S1541,0.73
S387,S540,0.34
S1691,S1928,0.18
S1150,S2019,0.31
S320,S113,0.62
S1316,S671,0.84
S1405,S1903,0.69
S553,S859,0.24
S2203,S2018,0.38
S864,S2261,0.61
S1824,S1365,0.66
S1094,S1779,0.58
S474,S1851,0.18
S2371,S2335,0.48
S2496,S1621,0.5
S1089,S575,0.58
S2134,S311,0.97
S524,S2285,0.99
S1694,S2049,0.63
S1812,S2252,0.98
S1930,S2221,0.53
S1638,S425,0.44
S277,S1598,0.77
S334,S2354,0.55
S2264,S1335,0.48
S1882,S1614,0.21
S780,S2088,0.75
S687,S2011,0.99
S1355,S649,0.46
S733,S2472,0.36
S1074,S1814,0.3
S1734,S929,0.31
S1254,S249,0.77
S303,S847,0.4
S1574,S1482,0.34
S2083,S1622,0.88
S412,S665,0.14
S2151,S1396,0.81
S659,S1640,0.54
S1734,S1334,0.71
S1979,S961,0.46
S64,S706,0.85
S1439,S1614,0.92
S791,S327,0.66
S1828,S371,0.66
S1823,S1819,0.95
S1058,S1178,0.79
S1873,S2005,0.33
S958,S2467,0.92
S1748,S640,1.0
S677,S172,0.21
S1920,S257,0.69
S1647,S866,0.85
S2211,S2444,0.96
S1231,S1760,0.19
S1495,S2324,0.14
S337,S1680,0.48
S1515,S1485,0.26
S2377,S761,0.99
S2238,S2454,0.86
S1719,S1764,0.77
S1440,S1995,0.49
S1371,S2279,0.15
S329,S182,0.75
S2015,S2206,0.91
S1766,S2231,0.55
S2443,S84,0.14
S139,S1210,0.82
S105,S39,0.19
S2350,S1870,0.69
S86,S593,0.24
S809,S2028,0.55
S99,S1466,0.51
S1337,S2446,0.71
S2485,S1492,0.83
S2076,S458,0.63
S645,S2439,0.4
S94,S2456,0.31
S1957,S2023,0.15
S2413,S2372,0.3
S1171,S2089,0.26
S381,S1963,0.44
S1275,S935,0.54
S1464,S2449,0.92
S2406,S633,0.51
S782,S1328,0.19
S144,S1139,0.55
S436,S2281,0.4
S429,S2342,0.92
S1376,S314,0.34
S235,S421,0.43
S1561,S1362,0.87
S702,S2336,0.35
S817,S1559,0.4
S2024,S511,0.77
S1664,S939,0.5
S51,S1047,0.21
S445,S369,0.65
S1757,S1985,0.87
S1334,S1889,0.43
S210,S564,0.7
S615,S364,0.56
S2113,S1913,0.41
S503,S735,0.15
S142,S601,0.24
S335,S280,0.41
S1778,S1965,0.36
S1726,S2151,1.0
S377,S708,0.75
S926,S829,0.68
S1874,S826,0.66
S202,S1796,0.57
S1184,S2012,0.95
S1993,S603,0.89
S2393,S2492,0.47
S1829,S1641,0.19
S508,S1333,0.32
S1238,S1423,0.27
S2441,S811,0.38
S1748,S2328,0.3
S2269,S1681,0.41
S1786,S1870,0.82
S401,S135,0.23
S2367,S1250,0.27
S1300,S1275,0.53
S1650,S2088,0.96
S507,S123,0.37
S2194,S1172,0.68
S733,S728,0.74
S210,S1461,0.85
S1725,S1807,0.39
S2019,S1883,0.74
S2308,S563,0.12
S836,S1546,0.19
S1072,S1931,0.18
S1758,S814,0.87
S56,S2257,0.21
S1690,S2391,0.3
S1126,S2395,0.8
S1361,S1202,0.88
S1910,S986,0.52
S1176,S2227,0.24
S371,S1945,0.64
S186,S1390,0.62
S703,S2098,0.11
S11,S208,0.84
S185,S1173,0.88
S1557,S1334,0.43
S799,S2133,0.36
S1529,S166,0.63
S1840,S226,0.81
S184,S357,0.79
S77,S1845,0.75
S275,S1508,0.3
S915,S857,0.16
S1397,S488,0.65
S666,S1678,0.3
S2419,S488,0.45
S1588,S912,0.71
S175,S2498,0.81
S2328,S2464,0.58
S1293,S131,0.93
S109,S557,0.34
S1580,S80,0.37
S1024,S749,0.93
S1907,S2204,0.87
S1022,S1339,0.58
S1953,S1016,0.37
S1481,S1034,0.39
S1274,S39,0.11
S979,S1839,0.95
S2080,S124,0.69
S1418,S2361,0.94
S1622,S1639,0.59
S1370,S1115,0.11
S1510,S1532,0.28
S2032,S113,0.49
S777,S2128,0.7
S1824,S67,0.18
S1192,S967,0.67
S1239,S52,0.56
S1318,S2315,0.76
S1267,S2010,0.58
S1066,S58,0.46
S2074,S835,0.22
S2186,S31,0.14
S2036,S299,0.14
S290,S2207,0.25
S182,S766,0.83
S293,S400,0.76
S683,S2063,0.53
S483,S2329,0.31
S1597,S84,0.97
S1184,S66,0.66
S1654,S1245,0.75
S1490,S812,0.23
S1289,S2437,0.41
S1517,S1594,0.71
S703,S190,0.2
S391,S1215,0.31
S2240,S964,0.11
S1955,S2190,0.33
S67,S915,0.86
S453,S1854,0.88
S1302,S576,0.83
S2011,S1708,0.86
S1947,S1935,0.92
S1645,S1101,0.7
S1921,S1969,0.11
S2450,S1362,0.41
S123,S277,0.26
S118,S1162,0.14
S2249,S2429,0.36
S820,S484,0.86
S1117,S952,0.83
S338,S125,0.85
S2290,S2061,0.28
S1890,S31,0.8
S1649,S29,0.38
S1466,S114,0.99
S946,S2059,0.46
S1421,S1480,0.61
S2380,S1820,0.55
S1550,S321,0.68
S661,S984,0.82
S832,S205,0.23
S2062,S2407,0.3
S2269,S978,0.77
S989,S46,0.92
S1433,S1123,0.52
S1306,S277,0.88
S2314,S2354,0.72
S102,S796,0.38
S304,S1122,0.72
S665,S641,0.2
S2325,S747,0.15
S495,S177,0.84
S891,S1765,0.98
S1365,S2237,0.64
S51,S1393,0.36
S922,S567,0.33
S105,S1356,0.25
S4,S874,0.81
S1090,S1023,0.81
S1222,S1754,0.72
S1648,S2280,0.23
S2354,S203,0.46
S1276,S1441,0.24
S2078,S736,0.96
S747,S1308,0.93
S242,S8,0.94
S595,S2164,0.66
S139,S818,0.76
S2173,S211,0.85
S584,S1587,0.67
S168,S627,0.49
S1401,S1393,0.17
S469,S769,0.85
S133,S238,0.57
S1755,S357,0.4
S2468,S1620,0.65
S483,S180,0.86
S1891,S1420,0.52
S2406,S1760,0.98
S1248,S1491,0.57
S97,S1536,0.53
S106,S788,0.39
S1009,S1984,0.48
S1034,S589,0.37
S871,S2471,0.63
S1201,S1792,0.95
S2030,S544,0.93
S1196,S1146,0.71
S2214,S2176,0.91
S222,S1025,0.68
S1532,S2115,0.49
S607,S250,0.54
S1062,S108,0.12
S2065,S438,0.41
S1766,S1557,0.14
S1789,S1426,0.83
S986,S1439,0.88
S2185,S1100,0.1
S663,S2032,0.49
S1278,S1691,0.98
S6,S73,0.16
S222,S1134,0.62
S318,S333,0.49
S1341,S1657,0.24
S1702,S429,0.51
S1154,S16,0.29
S1598,S1691,0.53
S1503,S29,0.68
S1550,S1306,0.87
S1671,S1650,0.7
S1407,S128,0.36
S1047,S1341,0.68
S1970,S2355,0.71
S2186,S519,0.38
S1346,S897,0.43
S887,S107,0.96
S1980,S1067,0.56
S940,S2444,0.35
S795,S1446,0.52
S2363,S40,0.11
S1164,S2213,0.68
S1070,S2301,0.4
S1367,S1013,0.79
S1719,S281,0.83
S1756,S2387,0.24
S2154,S1233,0.8
S1191,S1155,0.34
S513,S1342,0.98
S1512,S423,0.84
S2229,S1487,0.73
S2249,S1792,0.47
S908,S434,0.87
S239,S1182,0.94
S1701,S1639,0.46
S1549,S510,0.16
S157,S1801,0.95
S264,S949,0.78
S553,S1409,0.44
S1443,S903,0.43
S1884,S1404,0.13
S521,S2357,0.63
S2026,S935,0.18
S1524,S195,0.7
S90,S1461,0.89
S1092,S2443,0.18
S1738,S1524,0.22
S324,S2151,0.5
S1745,S390,0.51
S1311,S1677,0.24
S262,S1922,0.61
S494,S1595,0.14
S2144,S325,0.86
S734,S1823,0.89
S198,S710,0.91
S120,S1710,0.13
S2006,S646,0.19
S1067,S18,0.36
S1723,S2133,0.29
S340,S513,0.97
S1621,S2277,0.7
S2475,S290,0.66
S1434,S1087,0.87
S1219,S2096,0.48
S1279,S2439,0.96
S37,S640,0.6
S929,S904,0.38
S1965,S642,0.79
S1045,S1568,0.31
S43,S1623,0.82
S2161,S333,0.98
S1039,S94,0.14
S920,S1038,0.29
S1794,S1664,0.35
S1448,S635,0.62
S798,S2300,0.65
S1223,S1379,0.41
S720,S1209,1.0
S2061,S1716,0.79
S2302,S1113,0.44
S1707,S1081,0.89
S617,S1312,0.46
S110,S262,0.29
S1999,S1839,0.78
S167,S1925,0.22
S1901,S1634,0.61
S455,S2127,0.3
S934,S1014,0.38
S939,S1231,0.61
S2308,S486,0.73
S1366,S1804,0.33
S295,S2439,0.47
S684,S1718,0.41
S2251,S2421,0.72
S809,S99,0.97
S839,S514,0.11
S208,S2469,0.55
S1957,S979,0.62
S647,S2429,0.51
S825,S1439,0.3
S1264,S535,0.14
S1071,S580,0.43
S1279,S714,0.55
S458,S701,0.51
S153,S874,0.23
S1755,S976,0.49
S1511,S2096,0.32
S1090,S2194,0.92
S355,S1319,0.91
S377,S639,0.28
S300,S1595,0.35
S993,S798,0.28
S918,S354,0.11
S2038,S1099,0.14
S1226,S912,0.26
S1019,S2,0.93
S55,S784,0.31
S275,S687,0.44
S1784,S2111,0.83
S1644,S1002,0.92
S1059,S273,0.1
S1519,S213,0.34
S209,S2291,0.3
S1481,S684,0.13
S1693,S428,0.27
S514,S1430,0.44
S1461,S21,0.47
S1027,S255,0.79
S1778,S420,0.69
S1450,S27,0.64
S2493,S2201,0.4
S1722,S1024,0.46
S1326,S587,0.44
S1219,S1962,0.29
S499,S876,0.25
S1904,S2014,0.45
S933,S1411,0.41
S1050,S425,0.29
S745,S545,0.98
S2300,S1049,0.85
S1528,S1603,0.58
S2230,S1870,0.86
S852,S2073,0.8
S2192,S1806,0.14
S518,S1265,0.58
S305,S1772,0.9
S491,S1682,0.58
S2263,S551,0.74
S1786,S1943,0.92
S1085,S824,0.83
S1744,S2127,0.79
S2407,S970,0.75
S1943,S1918,0.93
S2445,S526,0.86
S1333,S1295,0.53
S852,S1953,0.61
S482,S1138,0.49
S695,S1424,0.43
S814,S2483,0.16
S1044,S2313,0.19
S786,S347,0.9
S813,S2264,0.21
S237,S809,0.91
S1161,S2308,0.37
S687,S152,0.19
S198,S2479,0.65
S974,S722,0.59
S2055,S2245,0.29
S1354,S2005,0.53
S640,S2001,0.52
S2436,S2080,0.59
S1601,S770,0.58
S1123,S992,0.8
S360,S1731,0.54
S1153,S2137,0.61
S1114,S1942,0.83
S1064,S1842,0.59
S1931,S2076,0.6
S2427,S1400,0.38
S585,S2227,0.51
S1371,S582,0.67
S2140,S2495,0.81
S490,S1878,0.31
S2369,S2314,0.63
S1472,S1898,0.76
S1275,S1288,0.2
S2416,S708,0.22
S402,S1413,0.9
S2476,S1493,0.98
S1003,S1353,0.98
S2323,S1761,0.13
S916,S105,1.0
S1966,S1334,0.43
S1099,S899,0.32
S1080,S928,0.32
S1123,S854,0.43
S1340,S2156,0.52
S1078,S1551,0.98
S170,S843,0.58
S1708,S1188,0.92
S2282,S1719,0.83
S1502,S533,0.74
S2034,S1482,0.65
S739,S150,0.59
S2200,S1572,0.21
S1596,S1096,0.37
S1329,S2217,0.76
S1067,S761,0.17
S536,S332,0.34
S638,S2318,0.14
S1147,S831,0.7
S1686,S2356,0.19
S1082,S193,0.13
S588,S260,0.56
S340,S890,0.95
S893,S1100,0.22
S284,S1385,0.84
S2010,S270,0.81
S1285,S1967,0.92
S1356,S1901,1.0
S295,S985,0.7
S1401,S1501,0.27
S592,S1768,0.87
S1784,S527,0.49
S2257,S1911,0.41
S269,S764,0.63
S1029,S921,0.82
S1479,S203,0.45
S987,S327,0.63
S366,S13,0.77
S1385,S2061,0.86
S765,S1264,0.71
S1297,S2378,0.95
S745,S2329,0.2
S599,S1504,0.14
S1060,S277,0.31
S2267,S1271,0.8
S1481,S1324,0.45
S1630,S1860,0.93
S2143,S1520,0.42
S1441,S2038,0.89
S1261,S1537,0.78
S1237,S1591,0.6
S1260,S2063,0.51
S914,S1113,0.16
S2148,S1844,0.14
S405,S1579,0.35
S809,S2173,0.78
S2409,S1390,0.99
S2066,S1278,0.3
S2238,S216,0.68
S137,S2384,0.93
S1484,S277,1.0
S1010,S344,0.36
S2136,S1720,0.35
S1248,S725,0.66
S62,S977,0.36
S1866,S2005,0.8
S1717,S1590,0.2
S701,S563,0.83
S1160,S1868,0.96
S1664,S695,0.3
S605,S1919,0.8
S1907,S1691,0.47
S1038,S994,0.81
S60,S1376,0.98
S1466,S2055,0.97
S1736,S1804,0.87
S1576,S2217,0.85
S2287,S205,0.7
S311,S2220,0.18
S2169,S1695,0.79
S2049,S479,0.57
S2062,S1993,0.17
S1766,S1129,0.3
S638,S2350,0.32
S653,S1980,0.46
S948,S1368,0.58
S1764,S1668,0.91
S1955,S1528,0.53
S1583,S1111,0.79
S2377,S1671,0.64
S335,S2465,0.6
S2135,S857,0.37
S353,S1753,0.92
S1855,S276,0.29
S155,S2442,0.49
S889,S509,0.5
S136,S785,0.55
S1960,S753,0.32
S1277,S723,0.97
S887,S507,0.54
S1476,S2480,0.81
S2481,S685,1.0
S318,S1798,0.65
S2085,S668,0.56
S1441,S285,0.27
S1845,S333,0.87
S2005,S2452,0.21
S1441,S2208,0.28
S48,S802,0.34
S1893,S1133,0.34
S1348,S26,0.25
S224,S2279,0.49
S1467,S2463,0.19
S2296,S212,0.44
S1321,S831,0.15
S2179,S1027,0.69
S291,S1352,0.81
S1290,S240,0.65
S1000,S275,0.37
S1250,S2297,0.67
S979,S2085,0.61
S1832,S1496,0.32
S1911,S2384,0.34
S2449,S1593,0.42
S10,S24,0.9
S911,S694,0.18
S13,S2334,0.54
S1853,S253,0.36
S1947,S2146,0.19
S1601,S1863,0.18
S848,S183,0.76
S1280,S953,0.63
S616,S847,0.22
S2087,S1943,0.2
S330,S2394,0.12
S542,S93,0.23
S929,S1491,0.9
S424,S17,0.36
S2445,S607,0.49
S133,S460,0.48
S2416,S357,0.44
S520,S701,0.59
S1880,S943,0.28
S608,S1001,0.14
S1173,S1353,0.47
S1167,S1280,0.96
S841,S2383,0.8
S1045,S331,0.6
S374,S106,0.27
S2203,S2201,0.76
S1960,S427,0.23
S587,S1015,0.53
S283,S2485,0.96
S867,S2233,0.41
S1845,S2187,0.12
S476,S1251,0.22
S2264,S1525,0.77
S1250,S2085,0.47
S2490,S1626,0.7
S160,S2161,0.65
S1239,S1668,0.95
S1564,S1042,0.6
S572,S1483,0.69
S2460,S677,0.88
S1125,S1003,0.71
S1538,S431,0.2
S1651,S2242,0.24
S1043,S261,0.99
S1089,S2128,0.54
S519,S386,0.6
S1057,S2308,0.16
S1031,S11,0.32
S1077,S2251,0.93
S1510,S929,0.47
S2135,S1940,0.67
S2289,S2457,0.54
S1602,S609,0.19
S1354,S530,0.33
S900,S1664,0.44
S1127,S1927,0.3
S1633,S2193,0.39
S1350,S2322,0.94
S907,S416,0.81
S2087,S1384,0.31
S309,S1602,0.47
S1987,S436,0.84
S175,S1114,0.81
S80,S1674,0.46
S535,S1262,0.78
S234,S2438,0.91
S1426,S1135,0.82
S140,S2367,0.76
S996,S1562,0.29
S1049,S212,0.53
S1081,S1339,0.22
S1440,S636,0.82
S664,S1113,0.64
S1441,S2368,0.73
S18,S2045,0.85
S465,S1832,0.16
S364,S530,0.87
S2170,S2291,0.63
S1106,S908,0.31
S1170,S1716,0.47
S387,S1601,0.23
S181,S1876,0.4
S1611,S1254,0.77
S2289,S2365,0.66
S2118,S868,0.16
S631,S1052,0.26
S1579,S2499,0.89
S948,S1074,0.98
S1951,S1159,0.33
S574,S2301,0.64
S1962,S522,0.41
S2119,S774,0.21
S609,S1666,0.19
S1517,S689,0.66
S486,S612,0.11
S2478,S312,0.21
S2491,S1378,0.64
S1912,S2132,0.65
S546,S2425,0.39
S444,S809,0.14
S296,S2061,0.59
S2043,S1666,0.67
S1146,S1048,0.58
S2406,S1262,0.58
S1459,S1623,0.76
S1241,S426,0.51
S387,S1928,0.56
S407,S890,0.33
S1949,S783,0.58
S1005,S174,0.19
S360,S421,0.94
S594,S1151,0.79
S2278,S425,0.14
S2014,S2085,0.46
S1681,S828,0.35
S2452,S2491,0.56
S1063,S1968,0.26
S808,S558,0.13
S990,S2209,0.32
S75,S1449,0.71
S915,S1515,0.2
S1366,S738,0.49
S2489,S864,0.21
S831,S2453,0.87
S1650,S584,0.49
S1719,S2208,0.35
S1559,S91,0.7
S2334,S797,0.92
S1916,S1776,0.98
S1691,S1552,0.71
S1960,S1939,0.44
S2256,S1672,0.82
S894,S48,0.85
S1943,S521,0.55
S1932,S1614,0.82
S1275,S1909,0.49
S2349,S1858,0.89
S2110,S19,0.66
S145,S1506,0.4
S1956,S527,0.16
S492,S1623,0.86
S436,S1368,0.85
S2393,S332,0.78
S1747,S230,0.51
S234,S2167,0.25
S1504,S2495,0.8
S666,S47,0.61
S1053,S1582,0.92
S1849,S873,0.69
S2263,S290,0.44
S561,S1309,0.25
S1224,S1501,0.81
S1834,S2267,0.8
S28,S242,0.27
S353,S829,0.54
S698,S1884,0.65
S2496,S791,0.72
S2110,S2293,0.35
S1142,S1350,0.92
S636,S2372,0.96
S1122,S197,0.8
S347,S841,0.41
S1341,S348,0.63
S275,S360,0.8
S214,S678,0.2
S2219,S594,0.45
S612,S841,0.54
S2457,S1419,0.36
S121,S1160,0.8
S1676,S220,0.53
S1168,S111,0.85
S1015,S679,0.23
S2256,S96,0.83
S752,S226,0.68
S1494,S67,0.99
S695,S2418,0.35
S2439,S26,0.54
S1873,S1528,0.49
S793,S1446,0.73
S1909,S22,0.29
S338,S555,0.94
S1373,S1468,0.78
S859,S685,0.93
S1394,S2159,0.55
S1919,S2096,0.43
S2019,S455,0.84
S645,S2204,0.33
S110,S2027,0.57
S2165,S2497,0.51
S1982,S668,0.29
S325,S204,0.65
S1187,S1437,0.44
S1686,S2094,0.15
S231,S458,0.54
S11,S95,0.38
S1059,S1084,0.51
S1485,S529,0.64
S2216,S1443,0.52
S103,S646,0.64
S2463,S66,0.8
S1653,S814,0.88
S866,S485,0.41
S1116,S2059,0.82
S608,S373,0.17
S1977,S267,0.26
S1443,S1097,0.27
S1497,S1630,0.7
S2337,S1506,0.84
S1552,S952,0.37
S327,S462,0.59
S2369,S1530,0.77
S87,S519,0.75
S834,S1730,0.22
S561,S1013,0.52
S991,S220,0.45
S1935,S169,0.85
S1367,S899,0.64
S2003,S2324,0.35
S1618,S1132,0.55
S736,S1988,0.76
S531,S2296,0.14
S293,S113,0.9
S775,S1639,0.61
S2002,S209,0.23
S119,S2304,0.55
S2155,S1436,0.71
S1517,S1375,0.78
S1753,S1136,0.72
S1593,S1239,0.68
S1927,S461,0.3
S2428,S1172,0.69
S2034,S138,0.45
S643,S1779,0.39
S2482,S419,0.89
S38,S2218,0.52
S2348,S614,0.74
S1073,S973,0.19
S1877,S1110,0.22
S2407,S2406,0.45
S1219,S1993,0.62
S1789,S1454,0.69
S2065,S531,0.29
S1634,S1697,0.58
S625,S2407,0.1
S2059,S491,0.76
S1063,S2467,0.3
S169,S1931,0.89
S2182,S2034,0.89
S1324,S203,0.61
S1220,S66,0.77
S1757,S1134,0.22
S2401,S1281,0.44
S2212,S721,0.58
S522,S50,0.24
S136,S1469,0.42
S1180,S596,0.61
S1859,S1606,0.49
S734,S2004,0.22
S2318,S2060,0.29
S1724,S1361,0.26
S502,S199,0.51
S991,S1903,0.66
S188,S1603,0.55
S672,S771,0.8
S2136,S706,0.18
S2343,S2278,0.15
S2058,S2091,0.13
S409,S401,0.67
S665,S1884,0.84
S1939,S999,0.37
S1891,S2060,0.99
S340,S1585,0.71
S2040,S618,0.99
S792,S675,0.18
S358,S1588,0.11
S1151,S1951,0.6
S2193,S910,0.51
S1882,S209,0.14
S1535,S226,0.28
S1656,S23,0.75
S2034,S662,0.3
S248,S2341,0.16
S563,S2114,0.74
S1572,S438,0.49
S2216,S2432,0.32
S1674,S287,0.5
S2238,S1432,0.55
S1701,S1308,0.33
S292,S577,0.51
S2203,S2343,0.38
S2274,S970,0.43
S462,S1270,0.66
S1584,S1705,0.39
S618,S2457,0.39
S600,S1618,0.37
S1556,S2208,0.85
S397,S2140,0.12
S796,S1369,0.93
S2485,S721,0.81
S552,S721,0.59
S445,S1495,0.87
S1102,S139,0.45
S1835,S672,0.2
S1577,S762,0.13
S347,S258,0.21
S1741,S1612,0.43
S1634,S1413,0.56
S138,S1767,0.67
S1004,S162,0.33
S216,S1462,0.87
S692,S1749,0.43
S153,S345,0.55
S2470,S1394,0.17
S1436,S2276,0.43
S248,S1808,0.79
S1568,S1890,0.25
S1738,S128,0.34
S1342,S1399,0.81
S1788,S1856,0.65
S1042,S295,0.45
S2085,S840,0.59
S522,S719,0.87
S1322,S1822,0.79
S1197,S1666,0.28
S2247,S531,0.86
S1455,S2057,0.38
S305,S454,0.94
S780,S1170,0.97
S309,S2233,0.5
S2427,S1934,0.24
S532,S182,0.73
S1760,S2293,0.77
S1321,S518,0.27
S1993,S310,0.56
S383,S650,0.38
S595,S572,0.39
S296,S1826,0.55
S350,S1912,0.6
S443,S2029,0.75
S2245,S1223,0.95
S840,S1808,0.85
S1335,S793,0.26
S1152,S105,0.34
S343,S2438,0.74
S410,S2369,0.12
S134,S1882,0.83
S1113,S94,0.55
S2285,S73,0.52
S2188,S2352,0.42
S723,S546,0.91
S1953,S1248,0.23
S2436,S152,0.87
S2044,S1653,0.35
S1285,S2076,0.68
S1894,S700,0.13
S2432,S386,0.58
S1192,S558,0.49
S604,S2018,0.58
S865,S236,0.73
S920,S1371,0.56
S188,S123,0.49
S1778,S933,0.95
S46,S2255,0.62
S1908,S962,0.57
S2054,S379,0.67
S1640,S1876,0.17
S86,S1357,0.31
S212,S1087,0.85
S1010,S185,0.94
S1267,S1559,0.91
S2467,S725,0.58
S633,S1042,0.88
S2391,S100,0.45
S878,S2226,0.72
S1274,S1666,0.38
S2037,S923,0.95
S2002,S1,0.59
S2471,S2132,0.62
S66,S601,0.76
S1202,S328,0.61
S543,S14,0.73
S85,S638,0.25
S1210,S776,0.19
S2379,S1802,0.31
S422,S1015,0.72
S1592,S1313,0.49
S1695,S2251,0.5
S267,S1199,0.43
S695,S1037,0.26
S469,S1882,0.52
S2206,S2171,0.55
S935,S2232,0.43
S2466,S723,0.37
S973,S2054,0.57
S2432,S78,0.8
S1578,S2061,0.48
S2294,S1256,0.36
S1641,S1952,0.52
S1467,S1230,0.61
S499,S333,0.2
S335,S1552,0.99
S1114,S159,0.26
S1276,S203,0.39
S1712,S615,0.83
S1708,S2214,0.66
S1807,S2174,0.18
S749,S2091,0.65
S2040,S774,0.64
S1013,S495,0.74
S1521,S22,0.8
S2330,S2078,0.52
S1637,S1142,0.32
S1472,S2026,0.86
S1529,S1130,0.21
S707,S2450,0.37
S361,S273,0.79
S484,S1710,0.23
S1053,S1747,0.55
S1590,S489,0.32
S938,S693,0.98
S991,S805,0.91
S993,S1764,0.6
S17,S1964,0.47
S618,S2454,0.52
S1735,S1350,0.61
S410,S748,0.65
S1594,S531,0.96
S1221,S1905,0.15
S669,S1185,0.46
S1517,S396,0.8
S2116,S2121,0.68
S1314,S1130,0.45
S222,S1124,0.51
S1877,S779,0.66
S303,S590,0.22
S1373,S2381,0.22
S394,S582,0.28
S887,S1458,0.58
S1390,S670,0.94
S1540,S2180,0.85
S1327,S365,0.11
S1783,S1177,0.45
S1389,S2354,0.28
S2257,S1340,0.44
S679,S1170,0.4
S1362,S1363,0.76
S656,S1178,0.19
S1869,S2305,0.53
S1851,S641,0.28
S843,S515,0.5
S2016,S2012,0.84
S1948,S848,0.17
S1016,S2226,0.53
S1947,S2289,0.67
S1360,S1915,0.6
S1742,S715,0.85
S1706,S1782,0.38
S810,S1141,0.13
S1603,S1578,0.86
S2230,S1386,0.64
S373,S262,0.15
S2340,S877,0.34
S161,S1299,0.47
S2152,S1790,0.58
S2334,S2235,0.88
S660,S1834,0.57
S1841,S458,0.33
S982,S1458,0.53
S341,S650,0.39
S2163,S1033,0.11
S1471,S1007,0.23
S2472,S498,0.54
S490,S1449,0.9
S606,S1463,0.95
S866,S1163,0.17
S2214,S1332,0.52
S2166,S1332,0.11
S538,S792,0.96
S1637,S29,0.81
S743,S1686,0.85
S30,S632,0.39
S420,S1040,0.82
S2383,S338,0.54
S497,S2234,0.25
S2408,S533,0.95
S1518,S454,0.44
S523,S1594,0.71
S1265,S1949,0.18
S986,S1439,0.59
S1450,S1558,0.68
S670,S2308,0.64
S703,S617,0.3
S2120,S1745,0.1
S882,S640,0.64
S2352,S1540,0.72
S501,S1710,0.87
S1951,S988,0.38
S1693,S552,0.66
S498,S227,0.41
S149,S2483,0.79
S1558,S2493,0.38
S1391,S1872,0.41
S2380,S1840,0.99
S272,S1482,0.82
S1865,S400,0.73
S600,S842,0.61
S1657,S201,0.37
S851,S1103,0.25
S1942,S425,0.67
S1822,S1510,0.35
S429,S600,0.56
S1303,S2445,0.24
S2070,S2406,0.74
S547,S2496,0.83
S1958,S2254,0.47
S1682,S459,0.57
S780,S404,0.94
S930,S2,0.5
S469,S728,0.71
S1658,S2208,0.75
S248,S43,0.17
S1911,S1002,0.8
S1485,S1772,0.29
S907,S1738,0.54
S2165,S1573,0.95
S1657,S913,0.7
S2135,S1185,0.34
S922,S2449,0.85
S1568,S308,0.43
S278,S1224,0.82
S1025,S1498,0.84
S2077,S208,0.76
S1585,S1671,0.2
S2492,S559,0.54
S506,S2274,0.24
S720,S182,0.57
S738,S2209,0.75
S2261,S2332,0.33
S2041,S773,0.66
S284,S2393,0.44
S1443,S1493,0.7
S1624,S1680,0.89
S2056,S241,0.39
S2094,S183,0.81
S1942,S2045,0.72
S463,S598,0.92
S451,S1657,0.71
S2359,S648,0.73
S1633,S1445,0.51
S239,S1038,0.92
S2270,S2193,0.4
S1063,S2446,0.59
S764,S433,0.95
S1620,S1743,0.97
S1015,S22,0.5
S1759,S1460,0.89
S884,S304,0.43
S2408,S2449,0.29
S1105,S1527,0.75
S2392,S914,0.5
S1385,S1504,0.24
S338,S352,0.1
S1739,S750,0.68
S262,S562,0.14
S797,S1636,0.34
S1078,S2459,0.83
S2267,S1590,0.31
S1221,S1234,0.53
S1580,S1078,0.49
S1729,S2383,0.5
S972,S1187,0.4
S1670,S2494,0.34
S688,S2198,0.21
S763,S732,0.54
S726,S1291,0.91
S1899,S2127,0.66
S2013,S2385,0.85
S2426,S2321,0.37
S2134,S961,0.87
S1165,S1589,0.5
S686,S361,0.39
S404,S215,0.26
S833,S2022,0.71
S910,S1339,0.41
S1804,S639,0.18
S720,S2105,0.99
S1125,S1019,0.96
S1148,S2471,0.9
S105,S1555,0.54
S1997,S766,0.61
S1836,S2206,0.56
S919,S19,0.5
S1156,S1570,0.97
S2251,S1440,0.8
S985,S2011,0.18
S548,S57,0.96
S2203,S844,0.48
S2178,S2246,0.59
S2362,S165,0.35
S2423,S1500,0.86
S2093,S2222,0.19
S1802,S2378,0.17
S159,S2327,0.85
S391,S1912,0.53
