sequence_id,sensor_numeric_id,history_start_step,prediction_target_step,dataset_split
1,39,83,14,validation
2,455,221,3,train
3,673,71,128,train
4,2126,53,233,validation
5,2210,6,73,validation
6,288,10,238,train
7,1389,44,118,validation
8,2375,229,11,train
9,2047,24,119,train
10,171,83,216,validation
11,1326,117,186,test
12,1347,192,58,test
13,2157,232,110,test
14,1478,86,128,train
15,1286,192,80,test
16,1265,233,68,train
17,2461,157,71,validation
18,1558,74,68,test
19,820,221,31,test
20,686,250,85,validation
21,1116,254,227,validation
22,2235,164,105,train
23,845,34,64,train
24,2215,79,217,train
25,1038,76,64,test
26,917,271,172,test
27,789,161,99,train
28,1422,197,53,train
29,2016,282,34,train
30,2170,127,76,test
31,897,150,172,test
32,2468,271,283,test
33,373,157,131,validation
34,1298,178,242,train
35,1975,206,222,validation
36,744,135,51,train
37,249,78,163,validation
38,2337,21,62,validation
39,1432,235,186,test
40,563,112,241,test
41,404,35,89,test
42,1961,69,1,test
43,2233,288,214,validation
44,1509,165,6,validation
45,825,155,84,train
46,1432,260,193,train
47,2286,249,68,validation
48,1404,3,5,validation
49,1708,187,131,validation
50,69,275,95,train
51,1848,35,97,validation
52,1869,176,132,validation
53,2165,180,9,train
54,1636,215,272,validation
55,2044,50,134,test
56,539,213,73,train
57,714,12,236,test
58,395,108,141,validation
59,1368,77,162,train
60,2378,169,233,train
61,291,241,92,validation
62,2490,212,256,test
63,2279,87,7,train
64,1464,79,88,validation
65,1558,242,260,validation
66,262,73,226,train
67,1740,179,72,train
68,1156,224,279,validation
69,1429,285,137,validation
70,1370,212,205,test
71,298,40,34,train
72,548,210,2,test
73,2373,4,111,train
74,799,4,26,train
75,2157,194,148,test
76,2372,234,38,validation
77,413,223,123,validation
78,162,171,220,validation
79,244,250,287,test
80,1266,268,200,validation
81,32,214,279,validation
82,2169,209,56,test
83,358,115,20,test
84,222,44,34,test
85,655,108,268,train
86,1789,48,254,validation
87,2323,163,281,validation
88,205,25,234,train
89,1963,150,246,train
90,1965,126,93,validation
91,2061,209,55,test
92,2134,53,118,validation
93,808,5,28,validation
94,1953,69,102,test
95,2457,120,46,train
96,1612,149,45,validation
97,368,237,182,validation
98,1796,234,120,validation
99,1806,1,54,test
100,739,145,111,test
101,2398,239,2,train
102,732,105,169,validation
103,634,22,56,test
104,1296,149,27,test
105,2142,263,253,test
106,2161,57,54,train
107,1989,149,206,validation
108,2321,233,255,test
109,2173,202,175,train
110,35,185,135,test
111,1024,95,55,test
112,2182,137,128,validation
113,299,78,105,test
114,798,234,176,test
115,219,65,219,train
116,330,277,186,train
117,1109,171,241,test
118,682,130,237,train
119,35,219,145,train
120,2365,37,12,train
121,2292,215,95,test
122,177,12,254,train
123,2470,44,176,train
124,1132,229,211,validation
125,899,285,145,train
126,451,232,141,test
127,901,228,50,train
128,2160,129,64,train
129,2495,173,84,test
130,1320,145,130,train
131,2198,159,163,validation
132,494,279,108,validation
133,1045,57,179,validation
134,52,51,261,validation
135,888,151,144,train
136,1994,236,117,validation
137,2255,8,173,validation
138,378,126,14,train
139,748,104,33,train
140,294,8,113,test
141,1661,247,74,test
142,2066,167,104,test
143,1176,75,99,train
144,452,280,222,validation
145,82,184,186,test
146,1396,148,58,validation
147,1433,224,263,train
148,1708,43,223,test
149,1844,6,43,train
150,1108,95,258,test
151,1192,228,164,test
152,1096,49,127,test
153,437,183,282,validation
154,635,144,147,train
155,1375,129,79,test
156,989,198,134,validation
157,2435,42,134,test
158,1350,10,212,validation
159,1435,91,82,train
160,1466,172,165,train
161,1195,252,203,test
162,603,235,81,train
163,1602,45,126,train
164,108,115,47,validation
165,1634,45,219,test
166,156,233,288,validation
167,90,176,231,validation
168,880,49,80,test
169,1158,253,149,test
170,2263,107,89,validation
171,576,51,255,test
172,1163,24,72,validation
173,133,240,157,test
174,762,142,248,train
175,1361,278,59,validation
176,1483,5,117,validation
177,997,203,70,test
178,327,145,234,train
179,938,107,49,train
180,6,239,39,train
181,2484,84,195,test
182,1452,128,105,validation
183,1941,152,224,train
184,910,155,175,train
185,1883,269,131,train
186,43,185,198,train
187,1537,287,95,train
188,834,28,115,train
189,2344,223,275,train
190,529,78,244,test
191,2336,60,235,validation
192,39,271,239,test
193,725,269,258,validation
194,1039,169,219,test
195,165,98,45,train
196,718,190,33,test
197,2407,47,44,train
198,2300,271,79,validation
199,253,186,138,test
200,1776,287,278,test
201,879,154,276,validation
202,1513,67,267,validation
203,645,211,254,test
204,1199,192,79,validation
205,914,267,250,validation
206,689,93,224,validation
207,904,33,77,validation
208,1378,226,111,test
209,1660,12,248,test
210,1379,152,249,train
211,845,19,38,validation
212,1492,255,175,train
213,1446,55,121,train
214,2454,204,161,train
215,2453,225,186,train
216,1826,55,108,train
217,2274,170,75,validation
218,1115,9,55,train
219,1394,48,217,test
220,173,232,98,validation
221,631,37,24,test
222,1908,179,93,train
223,1873,131,174,train
224,1325,56,41,test
225,1405,287,269,train
226,2115,77,188,validation
227,1930,68,23,train
228,1288,87,65,test
229,2146,118,156,test
230,408,180,24,validation
231,1216,63,232,train
232,1034,67,256,train
233,204,254,261,test
234,1004,254,102,validation
235,1311,12,196,test
236,198,124,120,validation
237,2443,25,111,train
238,1799,52,172,train
239,2228,253,197,train
240,2490,62,195,train
241,1852,156,176,validation
242,177,259,70,train
243,2078,19,193,test
244,467,40,221,train
245,475,93,72,train
246,594,237,101,validation
247,1046,256,63,train
248,154,245,272,test
249,922,171,66,test
250,244,66,221,validation
251,1670,124,82,train
252,731,197,47,test
253,72,198,194,validation
254,2336,149,45,test
255,2326,228,85,test
256,2279,130,73,train
257,1310,18,137,validation
258,1552,92,76,test
259,252,205,48,test
260,937,107,102,validation
261,950,114,181,test
262,779,256,288,train
263,178,164,242,train
264,1759,159,248,validation
265,900,220,285,train
266,1868,31,85,train
267,93,63,187,train
268,2141,2,9,validation
269,790,13,86,train
270,1990,30,92,train
271,1178,72,24,train
272,1019,159,228,validation
273,1552,79,5,train
274,1068,48,153,train
275,703,8,169,train
276,1256,95,141,validation
277,246,284,119,validation
278,2255,63,44,validation
279,1460,68,255,train
280,1044,223,199,validation
281,2379,71,203,validation
282,1796,28,209,test
283,2368,63,228,validation
284,972,286,226,train
285,1560,227,47,train
286,600,57,108,validation
287,1640,254,81,validation
288,167,244,136,train
289,2354,222,21,validation
290,2081,224,172,train
291,1819,45,200,validation
292,283,196,40,test
293,213,275,43,train
294,2345,35,11,test
295,1751,254,278,validation
296,983,277,190,validation
297,1375,89,94,train
298,2035,51,124,test
299,1826,124,278,train
300,481,152,180,validation
301,1331,189,184,validation
302,502,55,99,validation
303,1640,284,5,train
304,1716,120,149,train
305,271,28,51,validation
306,2398,65,72,test
307,1227,120,54,train
308,62,117,61,validation
309,829,90,191,train
310,775,7,276,validation
311,414,228,40,train
312,1114,98,94,train
313,2419,51,98,train
314,182,51,74,validation
315,527,162,288,validation
316,1889,35,276,test
317,313,125,187,train
318,579,18,270,validation
319,2239,28,283,test
320,335,168,197,validation
321,2075,269,42,validation
322,2300,181,201,test
323,1160,238,33,test
324,470,18,103,test
325,1236,239,147,test
326,861,198,172,train
327,643,212,108,train
328,1990,24,196,validation
329,2492,181,191,train
330,2211,247,45,test
331,1690,156,6,test
332,1526,98,271,test
333,368,186,209,validation
334,1225,203,260,test
335,695,236,204,test
336,2281,270,21,test
337,1750,281,58,train
338,387,52,161,validation
339,2367,62,104,train
340,386,194,210,train
341,68,235,105,validation
342,1004,94,76,test
343,1086,284,3,test
344,1056,126,238,validation
345,1415,48,18,test
346,2281,221,239,train
347,604,159,151,test
348,2491,279,95,validation
349,2332,195,239,validation
350,880,84,145,train
351,2176,227,259,train
352,1120,216,55,validation
353,1753,71,120,test
354,1895,97,72,test
355,1549,157,251,validation
356,999,282,88,validation
357,279,119,43,validation
358,936,18,12,train
359,2255,189,81,validation
360,1116,71,180,validation
361,973,18,41,validation
362,1929,114,32,validation
363,671,274,142,test
364,1526,104,64,validation
365,1810,126,276,validation
366,2433,138,189,train
367,2326,67,223,train
368,1303,10,145,validation
369,1129,94,260,validation
370,1282,191,182,validation
371,1768,181,267,test
372,2152,66,6,validation
373,1722,30,143,train
374,847,200,195,test
375,1851,277,20,train
376,2198,264,237,validation
377,379,207,88,validation
378,163,101,4,test
379,1676,259,181,validation
380,318,1,110,test
381,33,83,138,train
382,225,132,281,validation
383,102,187,201,validation
384,709,123,122,train
385,189,273,145,train
386,2278,59,136,test
387,1828,93,78,train
388,2237,280,121,validation
389,82,145,161,train
390,160,39,247,validation
391,2259,35,102,test
392,1219,257,48,validation
393,533,16,39,train
394,1453,38,115,validation
395,900,216,17,validation
396,1578,263,43,validation
397,8,29,161,test
398,1221,86,287,train
399,1025,116,178,test
400,405,226,181,test
401,1934,69,127,train
402,2007,47,251,test
403,655,77,211,validation
404,628,211,267,test
405,1952,68,167,validation
406,136,60,89,validation
407,1055,33,50,train
408,2476,241,278,test
409,918,173,272,test
410,274,80,135,test
411,1371,52,288,test
412,314,287,180,test
413,1834,49,115,validation
414,1747,265,8,validation
415,1533,42,231,test
416,1523,158,76,test
417,2288,11,146,train
418,2025,189,53,validation
419,1854,282,24,test
420,1383,215,36,train
421,925,116,281,test
422,1484,70,175,test
423,1196,55,35,validation
424,1095,87,102,train
425,1331,115,28,train
426,180,124,5,validation
427,1106,225,118,train
428,705,169,267,test
429,1429,42,89,test
430,2167,37,184,train
431,2434,114,229,test
432,1971,206,63,train
433,1666,255,131,test
434,497,236,285,validation
435,2448,70,265,test
436,376,214,284,train
437,2201,131,119,train
438,1791,270,4,validation
439,1502,246,275,validation
440,455,194,152,test
441,657,238,265,train
442,660,91,265,validation
443,2142,119,196,test
444,684,114,131,train
445,1018,231,214,train
446,2223,190,230,validation
447,1371,166,260,train
448,753,190,288,train
449,1531,274,153,test
450,1965,27,219,test
451,468,93,85,train
452,559,176,247,test
453,1056,61,208,validation
454,946,89,203,test
455,2,139,151,train
456,1357,72,84,test
457,2459,42,107,validation
458,2125,256,238,test
459,1835,96,85,test
460,1351,66,112,validation
461,1165,285,47,train
462,793,279,283,train
463,962,242,262,test
464,987,173,211,validation
465,1229,94,59,test
466,2196,65,4,test
467,525,278,254,train
468,1079,103,136,train
469,622,171,42,train
470,1161,19,173,test
471,472,83,80,validation
472,786,172,153,validation
473,112,145,115,validation
474,1942,148,60,train
475,995,99,118,validation
476,1469,6,49,validation
477,1485,85,269,test
478,294,216,138,test
479,412,280,147,test
480,1513,277,257,validation
481,1202,103,126,test
482,1136,151,173,validation
483,1149,252,267,train
484,464,248,105,train
485,479,187,132,train
486,2147,114,52,test
487,19,265,75,validation
488,1762,263,266,test
489,858,84,23,test
490,1284,115,10,test
491,437,284,4,validation
492,278,136,153,test
493,1684,33,244,test
494,130,188,171,validation
495,529,156,102,train
496,1463,84,159,validation
497,2070,245,211,validation
498,452,38,123,validation
499,1808,4,239,test
500,1492,41,47,validation
501,521,234,135,train
502,1171,219,229,test
503,1352,198,177,validation
504,1659,149,52,validation
505,1618,157,31,validation
506,962,286,277,train
507,2084,132,110,train
508,1626,55,119,test
509,2023,166,120,validation
510,1799,214,12,test
511,472,33,233,train
512,158,103,111,validation
513,2330,235,260,train
514,648,44,59,test
515,1999,104,73,test
516,1779,29,103,validation
517,1622,47,191,validation
518,813,102,270,train
519,853,7,270,validation
520,2479,275,153,validation
521,1740,60,284,test
522,428,52,126,validation
523,2241,11,56,test
524,1767,157,249,test
525,1896,125,1,test
526,259,186,126,validation
527,1658,97,271,train
528,659,232,45,train
529,89,88,151,test
530,742,139,28,test
531,2209,251,51,test
532,1478,93,232,test
533,26,203,105,test
534,1984,150,71,validation
535,19,224,41,train
536,573,13,160,validation
537,634,36,143,test
538,1447,208,187,validation
539,217,224,236,validation
540,1612,131,227,train
541,1412,27,82,validation
542,1541,5,235,test
543,1396,41,55,train
544,1926,184,255,train
545,853,153,23,validation
546,909,179,17,test
547,1540,260,259,validation
548,1996,141,73,train
549,1643,164,118,train
550,1886,98,9,train
551,255,100,153,validation
552,2080,151,54,train
553,1575,109,47,train
554,550,4,48,test
555,799,34,279,test
556,89,52,50,validation
557,1496,160,60,train
558,389,74,257,test
559,1448,86,183,train
560,954,63,175,train
561,2006,271,72,validation
562,1931,219,55,validation
563,1087,110,224,train
564,1413,153,38,test
565,1300,22,119,test
566,2208,272,119,validation
567,1397,33,228,test
568,1885,157,73,train
569,916,13,156,test
570,1702,179,242,train
571,1400,25,176,test
572,124,228,287,train
573,543,179,169,train
574,2345,43,218,test
575,1714,197,105,validation
576,1997,66,93,train
577,2019,79,73,test
578,1701,109,241,test
579,98,253,104,test
580,1611,110,56,train
581,2448,227,130,validation
582,1600,234,32,test
583,2047,81,220,validation
584,1168,97,126,train
585,751,220,6,test
586,2032,251,250,test
587,928,114,107,train
588,2001,7,220,validation
589,2347,122,152,test
590,1642,171,105,validation
591,937,109,278,test
592,858,19,174,train
593,1093,67,198,test
594,1649,93,129,train
595,1204,189,144,test
596,1781,137,14,validation
597,1796,270,83,test
598,1153,253,69,test
599,917,125,130,test
600,1314,51,90,test
601,1964,5,238,train
602,2084,52,68,validation
603,1262,263,244,validation
604,2030,140,263,validation
605,741,210,186,validation
606,466,79,201,train
607,399,75,274,train
608,1373,178,230,test
609,651,172,116,validation
610,522,100,67,test
611,2333,86,40,validation
612,13,213,287,train
613,152,111,105,train
614,132,120,136,test
615,2062,159,125,train
616,1025,237,177,test
617,1589,26,187,test
618,1484,177,59,validation
619,2244,128,206,train
620,459,272,223,test
621,945,17,208,test
622,1330,272,84,train
623,1142,232,264,test
624,2098,63,4,train
625,558,33,64,train
626,1403,250,277,validation
627,891,18,148,train
628,895,251,237,validation
629,1437,265,273,train
630,964,204,40,train
631,1827,25,37,validation
632,2117,282,211,train
633,1383,5,128,test
634,173,137,169,test
635,60,49,239,test
636,1696,7,132,test
637,1620,279,146,test
638,1883,132,178,validation
639,1688,38,252,validation
640,2170,21,116,test
641,2094,132,122,train
642,456,95,24,train
643,1017,283,246,train
644,1065,223,276,train
645,1362,180,196,validation
646,2111,81,271,validation
647,1912,144,17,validation
648,1689,179,66,train
649,1342,215,286,test
650,776,11,148,validation
651,1302,248,16,train
652,22,216,211,validation
653,1862,256,270,test
654,1288,4,235,validation
655,1776,76,171,train
656,440,276,180,train
657,290,248,42,train
658,537,236,280,validation
659,931,136,65,validation
660,2330,56,114,test
661,1227,270,153,validation
662,912,66,124,validation
663,175,266,118,validation
664,2415,206,226,validation
665,657,177,222,validation
666,1474,147,127,validation
667,2123,173,287,validation
668,2199,255,152,test
669,1749,100,180,test
670,1457,172,1,validation
671,2043,35,4,test
672,1490,285,36,validation
673,304,199,167,test
674,2411,87,256,validation
675,1277,32,247,train
676,950,140,187,train
677,954,171,66,validation
678,2100,61,137,test
679,1282,112,90,train
680,1195,118,24,validation
681,419,32,53,train
682,173,77,247,train
683,1585,126,189,validation
684,367,201,48,validation
685,1826,8,50,test
686,2304,95,170,validation
687,1363,176,43,validation
688,1877,119,10,validation
689,1758,211,137,train
690,22,93,49,validation
691,2163,159,226,train
692,1600,197,239,validation
693,1277,136,165,train
694,2094,107,163,train
695,2257,210,6,train
696,1610,49,207,test
697,1916,248,179,validation
698,1904,238,190,test
699,2421,266,202,train
700,495,184,50,train
701,2172,171,77,validation
702,976,288,228,train
703,2418,58,127,train
704,2142,249,137,train
705,924,36,60,train
706,2490,35,16,train
707,234,15,49,test
708,1274,196,171,train
709,1223,123,18,test
710,702,233,258,test
711,1916,254,231,train
712,2243,97,112,test
713,622,90,264,validation
714,1825,263,41,test
715,1209,265,190,test
716,889,261,128,train
717,848,87,86,train
718,1197,24,74,train
719,1423,1,148,validation
720,187,53,110,test
721,889,37,73,train
722,2224,137,227,train
723,406,40,1,test
724,1669,25,203,test
725,330,278,264,validation
726,1529,247,188,validation
727,50,154,193,test
728,73,39,126,validation
729,645,287,74,test
730,1373,83,97,train
731,1660,141,30,train
732,2424,206,17,validation
733,618,43,43,validation
734,1862,145,176,validation
735,533,241,211,test
736,1918,4,249,train
737,2104,39,206,test
738,264,151,169,train
739,2068,263,177,test
740,432,42,244,train
741,675,200,195,train
742,920,38,268,train
743,371,1,255,validation
744,1583,90,57,train
745,649,247,151,validation
746,1364,193,26,train
747,2356,22,224,train
748,2186,268,83,validation
749,30,8,135,test
750,2172,48,78,train
751,484,158,272,validation
752,1239,195,172,train
753,1763,208,47,validation
754,629,68,164,validation
755,2397,208,97,test
756,1717,8,192,train
757,2119,200,119,train
758,454,11,64,validation
759,1312,8,285,validation
760,950,52,31,validation
761,1568,155,279,test
762,122,30,80,validation
763,486,104,61,validation
764,327,17,171,train
765,1228,283,217,validation
766,385,208,6,validation
767,2258,138,28,validation
768,1932,23,44,validation
769,766,247,44,test
770,1890,8,240,test
771,650,87,35,test
772,718,204,21,validation
773,1180,69,18,train
774,496,95,77,train
775,1467,134,261,train
776,2150,117,102,validation
777,115,196,120,test
778,950,152,266,test
779,1719,36,56,validation
780,771,108,179,train
781,2347,29,25,validation
782,1375,87,112,train
783,2296,203,164,train
784,1362,203,192,test
785,1507,52,29,test
786,307,257,201,validation
787,1837,95,228,validation
788,2194,19,165,train
789,283,97,288,validation
790,2240,96,262,validation
791,2156,53,263,validation
792,419,116,4,train
793,366,161,250,validation
794,2349,150,98,train
795,1819,35,242,train
796,669,75,63,validation
797,501,23,215,validation
798,512,37,63,test
799,1929,214,126,validation
800,1077,195,27,train
801,1058,125,56,test
802,1000,85,263,test
803,2436,160,67,test
804,957,275,62,train
805,1162,214,52,validation
806,1314,176,98,test
807,1601,28,127,train
808,1549,46,243,validation
809,241,163,164,train
810,1422,271,134,train
811,2471,58,261,validation
812,1083,15,262,train
813,491,14,225,validation
814,2446,16,229,test
815,806,105,126,test
816,1465,240,238,train
817,1436,78,113,validation
818,1009,239,106,train
819,532,93,268,train
820,2231,147,132,train
821,2430,31,1,validation
822,1299,148,117,train
823,2272,145,111,test
824,1000,37,113,train
825,212,222,245,train
826,2065,128,284,test
827,2103,144,152,validation
828,1142,4,120,train
829,869,178,40,test
830,251,171,51,test
831,879,37,121,train
832,302,243,2,validation
833,373,125,60,train
834,625,262,224,test
835,730,235,67,test
836,350,167,151,test
837,22,142,27,test
838,1572,255,119,validation
839,359,127,104,test
840,1951,7,214,train
841,667,149,2,train
842,534,286,133,test
843,338,60,141,test
844,676,276,177,train
845,2039,244,11,validation
846,2254,187,9,test
847,856,115,245,train
848,1368,103,106,test
849,525,12,104,train
850,754,53,256,test
851,1643,265,255,validation
852,1112,47,184,test
853,236,197,272,train
854,1686,37,208,validation
855,1630,95,30,train
856,14,96,120,test
857,1060,92,251,test
858,999,113,255,validation
859,1066,206,254,test
860,2079,30,69,train
861,2269,67,5,validation
862,1073,194,78,validation
863,1871,7,158,validation
864,135,14,52,test
865,409,128,140,train
866,2444,225,167,train
867,1748,133,133,test
868,2043,99,168,train
869,2333,254,67,test
870,895,139,74,validation
871,1411,153,156,train
872,324,76,3,test
873,1940,209,191,test
874,752,49,151,train
875,2393,8,122,test
876,2428,268,226,test
877,2485,284,225,test
878,1152,216,264,train
879,482,161,48,train
880,586,58,284,test
881,2177,95,56,train
882,493,130,266,train
883,2050,276,68,train
884,2127,279,255,validation
885,2173,173,223,validation
886,606,161,253,train
887,718,117,64,test
888,2276,280,227,validation
889,1133,70,1,test
890,211,81,205,test
891,1980,34,201,train
892,243,101,144,train
893,1690,23,133,train
894,168,52,80,train
895,2288,236,3,validation
896,2350,159,26,train
897,1679,258,119,validation
898,135,199,253,train
899,1358,162,79,test
900,190,274,101,test
901,702,7,184,train
902,564,93,17,validation
903,830,1,52,validation
904,91,21,227,test
905,876,82,123,train
906,1363,250,283,validation
907,1277,155,4,test
908,363,162,29,train
909,817,119,22,validation
910,2198,155,149,test
911,2042,281,202,test
912,791,247,35,test
913,410,127,149,train
914,339,31,29,train
915,2006,288,287,train
916,2036,82,237,train
917,2381,95,64,train
918,434,225,126,test
919,995,66,205,validation
920,240,101,69,test
921,1399,41,280,validation
922,1951,187,47,test
923,1372,77,133,test
924,883,57,275,test
925,411,58,19,validation
926,445,267,117,validation
927,2149,107,131,test
928,865,281,268,validation
929,5,127,111,train
930,43,98,140,validation
931,812,41,137,validation
932,1386,65,172,validation
933,2132,244,74,test
934,2190,97,244,train
935,2032,104,147,train
936,255,281,86,validation
937,1087,98,196,test
938,669,201,16,validation
939,1092,211,279,test
940,1619,227,106,test
941,962,72,107,train
942,945,28,288,validation
943,799,208,174,validation
944,1862,3,12,train
945,388,115,210,train
946,2284,197,70,test
947,971,59,111,test
948,2248,254,27,train
949,746,230,21,test
950,1398,269,64,validation
951,157,150,112,train
952,1113,39,100,validation
953,498,66,129,train
954,1189,24,287,test
955,386,66,225,validation
956,670,168,139,validation
957,1742,141,59,train
958,1776,131,75,train
959,1176,15,81,validation
960,2384,12,10,train
961,874,141,250,test
962,621,234,95,train
963,245,160,21,test
964,2192,181,158,train
965,264,8,136,validation
966,1982,207,97,train
967,1420,261,256,validation
968,1153,153,226,test
969,1917,53,279,test
970,1649,100,190,train
971,909,165,167,validation
972,1527,145,286,train
973,1648,238,166,validation
974,1005,18,224,validation
975,384,264,2,test
976,1311,35,201,test
977,768,22,23,validation
978,1685,82,177,validation
979,1321,6,1,train
980,1893,66,209,test
981,436,48,43,train
982,1362,38,180,validation
983,140,141,267,validation
984,2158,257,140,test
985,1893,251,94,validation
986,1024,231,28,test
987,1004,11,66,validation
988,1876,216,65,train
989,1858,115,263,test
990,1528,169,103,validation
991,1844,180,248,train
992,1052,258,194,validation
993,97,39,49,validation
994,1486,206,284,test
995,811,65,26,train
996,1043,66,236,test
997,1910,181,17,validation
998,611,117,100,test
999,720,208,20,validation
1000,1770,70,15,validation
1001,1305,265,24,train
1002,2184,63,238,train
1003,921,88,52,test
1004,776,121,188,test
1005,668,93,203,train
1006,2193,136,159,validation
1007,1912,178,198,train
1008,507,108,266,validation
1009,797,221,257,validation
1010,1719,287,27,train
1011,1671,267,60,validation
1012,556,19,178,train
1013,238,282,20,train
1014,1904,283,5,train
1015,371,260,214,test
1016,2282,258,124,test
1017,2328,233,180,train
1018,532,14,73,test
1019,425,132,9,test
1020,2089,202,235,test
1021,877,9,261,train
1022,421,67,47,train
1023,371,12,59,train
1024,518,231,172,validation
1025,21,74,137,train
1026,1492,60,229,train
1027,1852,180,126,train
1028,1454,77,136,validation
1029,1334,157,213,test
1030,1767,193,49,validation
1031,2060,133,53,train
1032,1033,197,246,train
1033,1294,86,89,train
1034,1864,221,31,validation
1035,1564,75,214,test
1036,1386,36,41,train
1037,1761,230,28,test
1038,1279,107,69,validation
1039,1210,135,79,test
1040,2375,6,191,validation
1041,1981,164,29,train
1042,2233,28,17,train
1043,2022,78,89,train
1044,19,122,265,test
1045,1250,108,192,test
1046,1414,8,270,test
1047,2434,189,139,test
1048,43,171,259,test
1049,407,279,170,validation
1050,1877,71,196,validation
1051,467,9,90,test
1052,1598,78,212,test
1053,1761,50,32,train
1054,2225,87,23,train
1055,1615,111,253,validation
1056,1547,209,58,test
1057,1883,52,7,test
1058,1713,284,186,train
1059,992,122,229,test
1060,2403,142,88,train
1061,479,5,137,test
1062,879,132,237,train
1063,2341,82,267,validation
1064,2126,112,67,test
1065,152,152,185,validation
1066,1595,266,93,validation
1067,2195,78,196,validation
1068,2353,281,210,validation
1069,343,255,57,validation
1070,1536,156,133,train
1071,1513,131,247,test
1072,2327,286,32,validation
1073,1195,270,105,validation
1074,135,267,142,validation
1075,853,31,224,train
1076,8,283,37,test
1077,1443,123,182,test
1078,1430,152,249,validation
1079,550,93,130,train
1080,830,202,15,test
1081,24,154,207,test
1082,1488,173,205,test
1083,680,27,115,test
1084,415,62,56,train
1085,165,219,255,train
1086,1039,235,105,validation
1087,1583,43,34,validation
1088,1111,225,287,test
1089,488,147,284,test
1090,230,46,41,validation
1091,1001,60,216,validation
1092,1758,104,129,train
1093,381,196,260,validation
1094,2015,245,118,train
1095,2500,86,285,test
1096,886,45,35,train
1097,1435,56,20,validation
1098,117,256,59,validation
1099,405,47,213,test
1100,525,76,243,train
1101,2347,251,277,validation
1102,1746,90,72,test
1103,1227,262,248,validation
1104,147,133,106,train
1105,1503,94,188,validation
1106,443,266,247,validation
1107,1482,31,186,validation
1108,1830,190,1,train
1109,2080,167,115,train
1110,370,76,239,train
1111,1172,148,287,validation
1112,2352,6,134,train
1113,1764,107,18,test
1114,2416,102,65,test
1115,1258,70,207,validation
1116,1722,190,278,validation
1117,1323,249,221,train
1118,1453,188,39,test
1119,237,227,27,validation
1120,1187,60,235,train
1121,2216,242,142,validation
1122,2196,249,6,validation
1123,2187,5,188,validation
1124,916,215,218,validation
1125,842,47,283,test
1126,1128,158,197,test
1127,1940,283,258,train
1128,1959,23,280,test
1129,2455,268,266,validation
1130,2435,267,190,validation
1131,1507,89,165,train
1132,2197,14,162,test
1133,1318,147,44,validation
1134,1798,95,33,train
1135,1050,277,273,validation
1136,1653,136,93,validation
1137,2063,18,103,test
1138,1999,66,85,validation
1139,846,68,161,test
1140,269,234,123,train
1141,29,125,38,validation
1142,1691,172,215,train
1143,602,107,152,test
1144,143,278,152,train
1145,38,140,232,validation
1146,775,288,24,validation
1147,1771,90,37,validation
1148,2238,23,135,test
1149,2349,58,145,test
1150,825,158,77,train
1151,1950,29,101,validation
1152,2238,288,41,train
1153,523,185,3,validation
1154,2148,128,263,validation
1155,1734,179,61,train
1156,1680,53,127,train
1157,1180,187,198,test
1158,718,199,219,test
1159,1107,170,22,train
1160,2132,242,94,validation
1161,138,62,57,validation
1162,2493,171,235,train
1163,1051,158,241,validation
1164,1321,23,264,test
1165,2227,192,96,test
1166,1178,99,197,validation
1167,2437,283,13,validation
1168,843,107,78,train
1169,159,246,200,train
1170,1707,214,98,test
1171,557,70,7,test
1172,306,154,88,test
1173,2469,133,188,test
1174,1683,42,15,validation
1175,593,160,58,train
1176,1135,223,141,test
1177,422,38,279,test
1178,1831,159,273,train
1179,1760,106,181,test
1180,1217,162,53,train
1181,1239,273,8,validation
1182,1691,80,250,test
1183,623,97,119,train
1184,2243,127,90,test
1185,1587,73,193,train
1186,619,78,70,test
1187,651,33,263,test
1188,973,189,205,train
1189,661,213,91,train
1190,2349,242,212,test
1191,1287,160,78,validation
1192,1499,257,1,test
1193,1124,153,132,test
1194,1086,203,277,train
1195,698,142,57,test
1196,731,173,179,train
1197,2499,134,286,validation
1198,1279,10,263,validation
1199,1927,122,176,train
1200,2236,254,277,train
1201,130,182,78,train
1202,979,210,223,validation
1203,2060,3,74,test
1204,2289,245,28,validation
1205,758,21,202,train
1206,1273,72,138,test
1207,1847,238,218,test
1208,1895,228,15,train
1209,911,157,155,train
1210,1139,37,199,validation
1211,2144,262,205,validation
1212,1199,100,163,test
1213,2315,46,165,train
1214,1526,138,282,test
1215,329,195,158,train
1216,953,189,202,test
1217,1064,107,110,test
1218,889,271,277,train
1219,2428,125,19,train
1220,25,250,148,test
1221,246,152,187,test
1222,2052,127,221,validation
1223,2134,200,36,validation
1224,848,44,125,test
1225,1299,248,253,train
1226,1756,220,162,validation
1227,2287,53,192,test
1228,460,270,213,train
1229,1449,268,15,train
1230,900,4,117,test
1231,677,2,267,test
1232,1413,94,174,validation
1233,1,242,39,test
1234,192,104,61,test
1235,2467,196,122,test
1236,878,233,127,validation
1237,547,57,250,train
1238,2193,253,124,validation
1239,2252,59,193,train
1240,2184,46,125,train
1241,1357,198,201,train
1242,433,225,283,validation
1243,212,219,121,train
1244,1351,133,232,test
1245,496,117,168,validation
1246,1240,215,102,train
1247,54,247,288,validation
1248,1332,8,11,validation
1249,1200,77,155,test
1250,308,284,204,validation
1251,1578,21,33,validation
1252,1715,57,200,test
1253,2394,231,164,validation
1254,1125,189,243,validation
1255,655,36,125,train
1256,885,116,176,train
1257,693,37,53,train
1258,1657,127,174,train
1259,2240,193,115,validation
1260,296,179,103,validation
1261,479,282,58,validation
1262,1779,54,259,train
1263,2075,207,88,validation
1264,1495,219,128,train
1265,2430,33,267,train
1266,1419,236,17,test
1267,2203,63,171,validation
1268,2251,135,25,train
1269,2118,142,235,test
1270,2162,159,33,test
1271,1203,266,233,test
1272,901,233,278,train
1273,233,55,110,validation
1274,1741,250,228,test
1275,1893,279,98,validation
1276,1244,243,45,validation
1277,1809,214,32,test
1278,321,133,135,train
1279,106,28,60,test
1280,1982,104,161,validation
1281,537,96,58,test
1282,2336,46,222,test
1283,1119,251,146,test
1284,1988,203,52,test
1285,2431,67,194,train
1286,446,268,134,train
1287,1469,213,98,validation
1288,1812,157,27,test
1289,317,34,194,train
1290,199,122,286,train
1291,724,252,283,validation
1292,633,44,217,train
1293,1582,270,168,validation
1294,1571,95,185,train
1295,879,43,93,test
1296,1984,70,98,train
1297,1245,54,266,validation
1298,1527,123,234,test
1299,1285,226,85,validation
1300,1298,17,87,validation
1301,1830,56,201,test
1302,386,78,223,test
1303,1295,179,44,train
1304,729,2,212,train
1305,2472,174,19,train
1306,514,184,193,train
1307,1497,12,202,test
1308,783,88,233,validation
1309,2423,18,149,train
1310,1431,218,187,train
1311,1821,68,189,validation
1312,2251,37,139,test
1313,1200,31,66,train
1314,1018,134,262,train
1315,140,13,77,train
1316,420,236,251,test
1317,1378,176,94,test
1318,922,187,188,test
1319,1140,269,269,train
1320,1638,131,256,train
1321,247,220,232,test
1322,2309,124,251,train
1323,1609,220,194,validation
1324,2062,107,186,test
1325,598,53,120,test
1326,18,69,108,validation
1327,1080,54,80,train
1328,1782,32,237,validation
1329,2220,287,73,validation
1330,181,7,12,validation
1331,172,173,44,train
1332,889,172,283,test
1333,384,24,202,test
1334,193,118,30,train
1335,694,263,157,train
1336,537,93,94,test
1337,639,197,48,test
1338,2375,48,102,test
1339,1466,139,153,train
1340,2028,2,235,train
1341,900,50,188,test
1342,2402,45,191,test
1343,512,69,263,test
1344,384,71,162,test
1345,301,35,288,train
1346,1447,58,271,test
1347,505,251,209,train
1348,2382,265,272,validation
1349,2104,95,203,train
1350,25,32,106,validation
1351,829,112,252,train
1352,1118,130,274,test
1353,2260,100,89,test
1354,1640,8,265,validation
1355,582,200,285,validation
1356,1832,114,68,test
1357,373,84,112,validation
1358,298,7,38,train
1359,605,159,198,validation
1360,1082,154,172,validation
1361,1018,78,247,test
1362,1817,82,12,test
1363,28,227,150,test
1364,1147,284,160,test
1365,636,51,99,validation
1366,1791,157,273,train
1367,2382,273,74,validation
1368,263,66,131,test
1369,1739,91,270,train
1370,2398,133,163,validation
1371,106,85,199,validation
1372,582,83,178,test
1373,1240,265,70,test
1374,686,262,235,validation
1375,1988,179,189,validation
1376,704,87,245,validation
1377,2045,156,195,validation
1378,1349,65,277,test
1379,2370,11,25,train
1380,2256,150,285,train
1381,1444,280,116,validation
1382,1579,106,240,train
1383,72,83,195,test
1384,268,227,23,test
1385,710,110,47,train
1386,209,46,56,test
1387,444,236,80,test
1388,2133,3,10,test
1389,306,163,247,validation
1390,222,65,236,validation
1391,1055,116,204,test
1392,539,123,257,test
1393,1718,124,1,test
1394,1161,193,237,train
1395,2374,118,10,train
1396,600,7,167,validation
1397,2242,56,1,test
1398,2024,8,283,test
1399,2183,266,132,test
1400,2311,285,222,validation
1401,2153,137,250,train
1402,1791,12,216,validation
1403,1009,38,142,train
1404,1615,23,83,train
1405,1921,2,211,validation
1406,575,245,60,test
1407,1181,55,124,train
1408,2039,1,55,train
1409,2448,260,250,test
1410,1754,19,167,train
1411,1450,81,222,validation
1412,2312,133,79,train
1413,1193,254,154,train
1414,1302,170,170,train
1415,117,61,112,train
1416,640,48,57,validation
1417,2273,138,204,test
1418,2374,24,163,validation
1419,414,76,123,validation
1420,905,69,70,validation
1421,2430,236,48,validation
1422,457,211,204,train
1423,918,88,33,validation
1424,2341,9,267,validation
1425,1745,183,101,test
1426,8,65,177,test
1427,146,248,242,train
1428,273,55,139,train
1429,741,152,62,train
1430,1293,26,151,validation
1431,1342,107,261,test
1432,1849,75,32,test
1433,894,216,77,validation
1434,1253,129,147,validation
1435,397,18,102,validation
1436,813,93,261,validation
1437,102,203,220,test
1438,1447,235,260,validation
1439,612,236,111,validation
1440,514,246,5,test
1441,422,182,114,test
1442,1544,169,5,test
1443,543,50,66,validation
1444,1182,60,246,validation
1445,385,263,113,test
1446,1047,19,268,validation
1447,1958,220,259,validation
1448,1549,240,9,train
1449,1822,235,140,test
1450,922,132,252,test
1451,807,138,198,validation
1452,1715,220,184,validation
1453,1094,26,5,test
1454,751,24,190,validation
1455,969,122,246,validation
1456,1524,207,184,validation
1457,703,117,201,train
1458,872,171,121,train
1459,1696,207,268,test
1460,301,113,133,validation
1461,462,114,288,test
1462,164,147,133,test
1463,1426,231,103,validation
1464,239,58,248,train
1465,842,88,200,train
1466,311,233,22,test
1467,1688,213,87,train
1468,76,157,273,test
1469,351,231,284,test
1470,2130,237,65,validation
1471,1058,37,52,validation
1472,2168,112,14,train
1473,2209,272,266,validation
1474,178,30,246,test
1475,169,115,222,train
1476,1543,204,99,test
1477,633,111,52,train
1478,2485,136,209,test
1479,1568,59,58,validation
1480,657,267,120,validation
1481,347,53,71,test
1482,213,70,71,validation
1483,2295,189,229,test
1484,491,32,223,train
1485,1957,215,131,validation
1486,82,187,282,test
1487,825,47,176,train
1488,807,196,43,test
1489,1218,66,26,test
1490,1966,41,91,test
1491,1094,146,57,validation
1492,1757,251,39,validation
1493,829,102,64,test
1494,263,131,26,validation
1495,249,212,128,test
1496,921,268,288,validation
1497,2367,269,116,validation
1498,1272,136,33,train
1499,1995,255,32,train
1500,2195,122,272,validation
1501,1877,55,45,test
1502,964,125,231,validation
1503,285,95,66,train
1504,315,23,187,test
1505,1690,121,230,train
1506,811,270,123,train
1507,890,136,252,train
1508,2216,37,133,validation
1509,583,68,264,test
1510,1942,158,12,validation
1511,2488,114,261,train
1512,1514,251,274,train
1513,528,146,15,validation
1514,1213,36,209,train
1515,1700,205,80,validation
1516,497,101,7,test
1517,2243,167,168,test
1518,1614,216,249,test
1519,1295,287,177,validation
1520,296,1,46,train
1521,72,196,38,validation
1522,1730,18,124,validation
1523,1201,119,189,test
1524,1978,126,171,train
1525,1914,49,212,train
1526,431,211,59,validation
1527,2175,262,189,test
1528,2234,220,80,train
1529,896,144,153,test
1530,1553,160,160,train
1531,2243,26,124,train
1532,594,220,121,train
1533,2279,199,194,test
1534,1973,132,177,train
1535,2019,13,284,train
1536,162,263,146,validation
1537,1158,72,133,train
1538,2340,111,229,train
1539,2211,54,186,validation
1540,1305,249,57,validation
1541,88,178,41,train
1542,2378,24,92,test
1543,2114,16,122,train
1544,335,93,264,validation
1545,1272,109,72,validation
1546,598,173,115,test
1547,1184,179,154,validation
1548,584,50,207,validation
1549,1328,235,15,train
1550,44,41,243,validation
1551,912,286,132,train
1552,61,182,81,train
1553,1740,65,227,test
1554,1684,200,146,train
1555,1003,50,109,test
1556,560,186,170,train
1557,75,46,61,test
1558,2347,127,64,validation
1559,2418,85,241,validation
1560,820,68,122,test
1561,143,120,106,train
1562,551,159,204,validation
1563,1585,66,137,test
1564,591,31,243,test
1565,2028,153,135,train
1566,1281,139,256,test
1567,2188,100,169,test
1568,728,273,80,validation
1569,1217,164,180,test
1570,1193,19,119,test
1571,212,34,200,test
1572,293,137,249,validation
1573,1990,272,3,test
1574,557,84,21,validation
1575,12,93,215,test
1576,1562,20,193,train
1577,260,101,1,test
1578,2270,151,127,test
1579,1441,39,10,test
1580,522,118,184,train
1581,190,189,99,train
1582,433,28,258,test
1583,2035,185,283,validation
1584,159,161,206,validation
1585,1302,162,230,validation
1586,1295,273,137,validation
1587,805,220,253,validation
1588,1292,16,282,train
1589,1413,41,16,validation
1590,134,115,232,test
1591,865,50,170,test
1592,1027,14,4,validation
1593,1886,70,262,test
1594,1076,34,142,train
1595,2311,113,167,validation
1596,1623,265,72,test
1597,235,56,54,test
1598,124,21,129,validation
1599,1715,210,89,test
1600,2028,244,15,validation
1601,2105,78,123,train
1602,2080,161,198,test
1603,2076,4,84,validation
1604,1024,222,235,train
1605,571,91,124,validation
1606,2399,205,219,test
1607,2203,81,126,validation
1608,712,2,111,train
1609,1883,120,114,test
1610,166,165,211,validation
1611,2020,145,180,train
1612,1312,66,7,test
1613,809,91,284,validation
1614,1423,108,121,train
1615,1461,273,133,train
1616,340,91,46,test
1617,2188,1,181,train
1618,625,3,172,test
1619,2475,150,237,validation
1620,195,137,193,train
1621,1506,136,247,train
1622,1592,19,126,validation
1623,1508,61,194,validation
1624,640,197,88,validation
1625,769,22,202,validation
1626,1188,143,244,train
1627,1947,245,269,test
1628,406,249,239,test
1629,1091,179,248,train
1630,730,100,176,train
1631,1638,49,240,validation
1632,1670,221,63,train
1633,879,261,49,test
1634,1872,36,216,test
1635,1804,186,80,test
1636,2186,195,39,test
1637,2151,45,232,validation
1638,404,168,244,validation
1639,824,155,12,validation
1640,2408,178,41,validation
1641,1336,115,189,test
1642,1862,63,174,train
1643,2154,128,185,validation
1644,736,167,133,test
1645,477,59,3,test
1646,2321,230,130,validation
1647,2089,87,142,test
1648,1421,221,107,validation
1649,2054,165,191,test
1650,2437,63,182,test
1651,145,32,42,test
1652,1255,255,147,test
1653,841,215,229,train
1654,1996,213,247,validation
1655,818,33,70,train
1656,1465,32,7,train
1657,663,188,58,test
1658,529,207,85,validation
1659,915,67,99,validation
1660,555,23,38,test
1661,232,266,109,test
1662,1875,262,53,validation
1663,2377,281,152,train
1664,1410,56,157,test
1665,132,149,75,validation
1666,2440,248,147,validation
1667,540,254,235,train
1668,424,108,280,validation
1669,1350,123,154,test
1670,834,141,195,validation
1671,2059,22,197,test
1672,1242,261,262,test
1673,2415,134,280,test
1674,1014,171,208,test
1675,320,148,246,train
1676,2347,137,104,test
1677,1201,18,215,test
1678,2320,51,84,train
1679,973,57,27,test
1680,1117,199,109,test
1681,2222,228,255,train
1682,644,145,147,validation
1683,182,236,22,train
1684,2048,88,248,validation
1685,1017,267,33,test
1686,616,2,167,test
1687,509,12,183,train
1688,217,60,238,test
1689,1432,37,272,test
1690,1119,10,150,test
1691,1017,43,99,train
1692,657,209,265,train
1693,688,205,252,train
1694,1373,125,172,test
1695,959,152,46,train
1696,410,81,117,test
1697,1481,236,61,test
1698,2226,57,23,validation
1699,1913,263,198,train
1700,1164,271,46,test
1701,1171,286,101,test
1702,1283,189,68,test
1703,1915,228,238,train
1704,2335,252,279,test
1705,209,43,238,train
1706,206,196,260,train
1707,2060,287,100,test
1708,2316,144,259,train
1709,104,173,264,test
1710,2056,43,278,validation
1711,575,122,149,train
1712,306,75,63,train
1713,2071,252,38,validation
1714,1011,103,127,train
1715,1212,96,204,test
1716,1009,226,181,train
1717,980,179,285,validation
1718,713,200,212,validation
1719,1277,258,25,test
1720,1286,134,47,test
1721,1110,264,40,validation
1722,1352,244,271,test
1723,1362,79,150,validation
1724,297,32,6,validation
1725,2176,163,188,validation
1726,1275,160,113,train
1727,1521,49,104,test
1728,2107,17,248,train
1729,546,154,79,train
1730,809,65,166,train
1731,1339,121,67,test
1732,574,126,86,train
1733,1990,59,135,test
1734,676,223,253,train
1735,1324,152,226,validation
1736,2249,204,226,validation
1737,1676,30,283,train
1738,2212,25,143,train
1739,2,157,5,test
1740,1210,102,92,validation
1741,2049,74,285,test
1742,796,77,101,train
1743,716,204,99,train
1744,1494,14,85,train
1745,1670,193,159,validation
1746,1649,20,261,validation
1747,272,126,97,train
1748,719,78,12,validation
1749,782,23,159,validation
1750,591,35,13,train
1751,381,212,185,test
1752,747,18,135,test
1753,1909,229,68,train
1754,1735,220,58,validation
1755,243,172,142,test
1756,894,106,152,test
1757,1171,204,59,validation
1758,1492,215,214,train
1759,2269,133,284,validation
1760,507,131,125,train
1761,621,82,185,validation
1762,1587,83,274,train
1763,90,48,179,train
1764,529,208,74,validation
1765,160,224,157,validation
1766,2289,100,68,validation
1767,2001,187,252,validation
1768,185,235,15,test
1769,2408,60,228,train
1770,954,30,192,train
1771,592,177,115,test
1772,1921,121,232,train
1773,1953,186,70,test
1774,444,94,45,test
1775,352,10,132,test
1776,1495,227,208,validation
1777,251,22,142,test
1778,1553,197,103,test
1779,2029,124,242,validation
1780,340,273,129,test
1781,1759,138,87,test
1782,2120,175,190,test
1783,2225,111,108,validation
1784,1167,233,49,test
1785,898,60,33,train
1786,201,58,195,validation
1787,2292,275,174,validation
1788,181,10,137,train
1789,2278,233,59,test
1790,2034,71,24,validation
1791,1960,115,160,train
1792,602,195,165,train
1793,1462,160,26,test
1794,365,76,133,test
1795,1066,9,161,validation
1796,1662,200,127,validation
1797,210,280,67,test
1798,2270,106,52,test
1799,1571,145,103,validation
1800,1889,52,37,validation
1801,354,86,262,validation
1802,1059,221,104,validation
1803,231,36,125,test
1804,1885,84,280,test
1805,1289,277,203,validation
1806,1292,223,216,test
1807,1303,163,94,validation
1808,2387,117,251,train
1809,666,20,127,test
1810,1074,163,39,train
1811,166,140,166,validation
1812,905,63,22,train
1813,1575,44,280,test
1814,1185,233,219,train
1815,1954,115,1,validation
1816,22,102,11,train
1817,1191,27,146,test
1818,1499,199,166,validation
1819,450,68,159,validation
1820,1654,67,242,validation
1821,1179,258,282,test
1822,2059,17,139,train
1823,663,173,188,train
1824,1254,288,124,validation
1825,55,44,187,train
1826,890,75,179,validation
1827,1509,160,229,train
1828,1921,79,169,validation
1829,1431,113,195,test
1830,2272,94,31,validation
1831,758,184,152,train
1832,2481,98,13,train
1833,2058,268,85,train
1834,1618,142,42,test
1835,468,167,123,validation
1836,2,102,4,train
1837,1509,176,133,validation
1838,1667,186,80,validation
1839,1121,94,259,train
1840,2046,170,144,train
1841,272,89,97,validation
1842,887,7,91,train
1843,2323,148,41,train
1844,1470,159,166,test
1845,35,142,132,test
1846,318,121,174,validation
1847,1832,47,78,test
1848,332,141,189,validation
1849,585,231,243,validation
1850,1769,76,278,validation
1851,2032,225,53,validation
1852,757,86,65,validation
1853,1543,256,153,test
1854,2347,93,126,train
1855,2000,217,23,validation
1856,1307,254,205,validation
1857,1641,147,56,validation
1858,1719,170,165,test
1859,685,107,236,validation
1860,1255,128,107,train
1861,2248,202,247,validation
1862,1080,34,160,test
1863,313,24,146,validation
1864,1782,160,107,test
1865,835,76,126,validation
1866,1898,13,255,test
1867,1958,113,138,validation
1868,39,115,241,train
1869,2007,191,90,test
1870,1198,253,269,test
1871,2487,118,99,test
1872,1433,69,38,test
1873,1276,86,111,test
1874,359,281,176,test
1875,1290,174,237,validation
1876,2357,92,233,test
1877,214,95,29,validation
1878,416,196,85,validation
1879,214,214,276,validation
1880,2108,64,94,validation
1881,1099,219,106,validation
1882,2028,50,250,train
1883,2243,57,127,train
1884,1512,248,184,test
1885,1954,64,161,test
1886,32,195,105,validation
1887,1333,94,268,train
1888,1861,75,184,train
1889,1585,46,174,test
1890,1252,51,173,validation
1891,2277,232,256,train
1892,2004,203,110,train
1893,499,66,284,validation
1894,1867,90,81,test
1895,1774,140,126,train
1896,944,121,140,train
1897,218,164,268,validation
1898,1968,155,251,validation
1899,1186,68,260,test
1900,1528,148,25,test
1901,611,208,246,train
1902,115,127,162,test
1903,2109,75,119,train
1904,433,178,286,test
1905,2383,13,263,test
1906,2328,64,82,test
1907,1899,6,248,validation
1908,2235,256,15,train
1909,977,26,19,validation
1910,345,51,88,test
1911,948,100,148,test
1912,608,209,4,train
1913,2027,30,104,test
1914,1911,180,146,validation
1915,644,216,77,validation
1916,26,56,57,validation
1917,725,208,196,train
1918,2106,120,79,train
1919,862,180,52,train
1920,2164,2,171,validation
1921,433,68,99,test
1922,25,202,227,test
1923,1918,60,127,train
1924,267,285,155,train
1925,1352,47,146,train
1926,953,202,205,train
1927,2123,188,104,train
1928,577,268,45,train
1929,2328,190,67,validation
1930,1360,42,57,validation
1931,979,31,127,test
1932,1372,1,150,test
1933,955,30,133,validation
1934,317,257,98,train
1935,1331,77,87,train
1936,1568,124,239,validation
1937,2147,253,171,train
1938,1627,133,139,validation
1939,2029,45,84,test
1940,1284,97,147,validation
1941,2482,44,135,train
1942,1825,219,210,test
1943,1511,56,106,test
1944,2012,42,10,validation
1945,544,255,242,test
1946,1330,20,247,train
1947,133,247,205,validation
1948,217,48,261,train
1949,2001,76,86,train
1950,2118,166,94,train
1951,804,93,101,validation
1952,955,179,111,train
1953,62,285,275,train
1954,29,242,45,train
1955,2274,266,158,validation
1956,1757,232,234,train
1957,6,270,254,train
1958,1233,240,1,train
1959,375,133,46,validation
1960,154,251,60,test
1961,507,67,140,validation
1962,432,125,49,validation
1963,704,193,70,test
1964,989,274,197,test
1965,1167,229,274,train
1966,718,258,255,test
1967,1389,55,14,validation
1968,1539,28,282,validation
1969,229,3,168,test
1970,1051,184,217,test
1971,459,209,144,validation
1972,1847,216,107,validation
1973,1428,105,176,train
1974,142,42,71,train
1975,389,223,4,validation
1976,677,135,196,test
1977,2074,184,167,validation
1978,80,15,80,train
1979,47,126,161,validation
1980,897,190,72,test
1981,96,243,95,validation
1982,1977,127,269,validation
1983,1832,262,179,validation
1984,2196,130,150,validation
1985,1752,157,228,validation
1986,2233,242,39,test
1987,2241,65,233,train
1988,1371,276,209,test
1989,337,74,99,test
1990,88,40,213,test
1991,1003,213,266,train
1992,1769,13,101,test
1993,73,72,253,test
1994,1184,94,2,test
1995,1776,101,276,test
1996,2189,111,26,validation
1997,2474,107,124,test
1998,82,164,30,train
1999,2423,31,131,test
2000,83,150,88,train
2001,601,164,248,validation
2002,134,277,229,test
2003,481,95,71,train
2004,993,62,7,validation
2005,1172,221,6,validation
2006,2362,59,231,validation
2007,1699,77,246,train
2008,238,252,282,validation
2009,569,264,284,test
2010,2457,140,71,train
2011,591,14,275,validation
2012,82,257,197,test
2013,1980,103,252,test
2014,2201,90,67,train
2015,1540,268,241,test
2016,1163,40,30,validation
2017,2429,170,283,validation
2018,2367,249,51,validation
2019,1896,168,180,validation
2020,1594,53,211,test
2021,549,128,268,validation
2022,891,211,153,validation
2023,1559,127,150,test
2024,1978,224,108,validation
2025,1955,275,185,test
2026,640,182,94,test
2027,1212,76,115,test
2028,754,180,222,test
2029,94,46,144,validation
2030,1383,182,230,train
2031,683,37,237,validation
2032,624,101,207,test
2033,988,89,13,train
2034,91,126,185,validation
2035,2467,184,100,validation
2036,718,221,179,train
2037,1523,173,28,test
2038,1265,107,286,train
2039,1216,135,166,validation
2040,1064,192,231,validation
2041,1957,44,97,validation
2042,597,27,168,train
2043,1278,123,106,validation
2044,219,83,93,train
2045,2382,169,76,test
2046,2018,5,113,validation
2047,751,40,205,train
2048,1581,102,152,train
2049,1881,228,72,test
2050,904,53,168,test
2051,31,273,49,train
2052,3,94,57,train
2053,491,4,121,test
2054,835,28,62,test
2055,1392,26,214,test
2056,129,281,122,validation
2057,1654,13,247,test
2058,2343,119,157,validation
2059,1286,146,28,validation
2060,1613,145,31,test
2061,1620,185,99,test
2062,1976,76,194,validation
2063,2419,225,41,test
2064,1487,137,238,train
2065,1452,38,46,train
2066,1557,230,2,train
2067,956,31,6,train
2068,2194,26,143,train
2069,1690,131,167,test
2070,2075,169,137,train
2071,1660,30,245,validation
2072,1463,14,228,train
2073,1518,280,183,validation
2074,1282,55,84,train
2075,2405,221,31,validation
2076,900,142,118,test
2077,291,198,208,validation
2078,1287,259,144,test
2079,1663,73,112,validation
2080,1040,206,59,test
2081,1701,212,171,test
2082,346,19,228,train
2083,229,183,161,validation
2084,1577,130,126,test
2085,1670,181,47,train
2086,1708,284,20,train
2087,793,104,146,train
2088,2376,18,89,validation
2089,1178,37,126,train
2090,2465,20,105,train
2091,465,53,192,train
2092,110,6,275,test
2093,1206,244,227,test
2094,2174,262,101,validation
2095,247,271,141,test
2096,603,229,11,validation
2097,2007,16,89,train
2098,520,11,155,test
2099,1873,280,172,train
2100,2481,109,139,validation
2101,358,148,195,test
2102,1257,29,82,validation
2103,1804,193,120,test
2104,112,105,121,validation
2105,171,131,60,validation
2106,1164,137,217,train
2107,1628,15,183,train
2108,1153,177,266,train
2109,2200,237,163,test
2110,1180,247,71,test
2111,961,283,80,test
2112,1993,61,59,train
2113,2254,193,171,train
2114,989,81,44,validation
2115,2115,96,38,validation
2116,2238,136,253,validation
2117,1223,287,105,validation
2118,1626,266,17,validation
2119,1718,199,51,validation
2120,1190,173,72,test
2121,41,221,40,train
2122,632,200,265,test
2123,2283,142,209,validation
2124,102,40,147,train
2125,747,227,239,train
2126,371,65,278,validation
2127,2453,110,102,test
2128,671,9,133,train
2129,32,176,283,validation
2130,1208,114,36,test
2131,1355,86,257,test
2132,2498,208,176,validation
2133,1364,17,227,test
2134,1526,114,286,test
2135,1894,5,193,validation
2136,1717,281,101,train
2137,492,195,91,validation
2138,315,219,193,train
2139,1720,161,10,validation
2140,1186,155,273,test
2141,1167,250,91,train
2142,237,143,216,test
2143,299,8,275,test
2144,1352,220,211,validation
2145,1826,205,14,validation
2146,545,209,191,test
2147,2,278,206,train
2148,866,227,9,train
2149,281,139,20,validation
2150,113,274,218,validation
2151,1655,134,75,train
2152,1907,260,31,test
2153,2202,30,3,validation
2154,2046,185,74,validation
2155,172,226,227,train
2156,1509,238,145,validation
2157,304,214,150,train
2158,1472,195,126,validation
2159,900,77,283,test
2160,660,213,275,train
2161,1447,221,260,validation
2162,2074,101,140,validation
2163,1432,114,102,train
2164,1643,2,4,test
2165,1280,194,77,test
2166,393,83,153,train
2167,1429,207,97,test
2168,987,144,247,test
2169,281,125,125,test
2170,653,148,200,test
2171,1947,262,46,train
2172,917,124,123,test
2173,1816,235,39,test
2174,2423,178,36,train
2175,1000,26,204,train
2176,936,114,2,validation
2177,1496,262,12,validation
2178,1336,49,150,validation
2179,2122,207,27,validation
2180,1004,210,218,test
2181,813,287,110,test
2182,412,140,46,test
2183,634,284,141,train
2184,1923,106,261,test
2185,932,127,166,validation
2186,1453,55,29,test
2187,1168,37,265,test
2188,2159,94,67,test
2189,400,278,89,test
2190,1111,4,252,test
2191,1521,122,34,test
2192,2209,142,251,test
2193,1149,217,218,test
2194,522,272,239,validation
2195,1161,242,194,test
2196,961,90,118,validation
2197,142,175,288,test
2198,332,39,99,train
2199,377,269,17,test
2200,296,212,235,train
2201,382,185,163,train
2202,2082,104,127,test
2203,971,119,205,test
2204,419,279,43,validation
2205,1604,197,102,train
2206,565,235,250,test
2207,790,32,187,test
2208,1817,113,159,validation
2209,839,159,165,validation
2210,1780,171,253,train
2211,991,251,164,validation
2212,2058,231,271,validation
2213,389,276,225,validation
2214,574,218,268,train
2215,1537,25,281,validation
2216,2264,268,178,train
2217,1040,251,62,test
2218,1369,185,174,validation
2219,1545,117,10,train
2220,806,201,209,validation
2221,2097,96,153,train
2222,234,136,55,validation
2223,2089,175,37,train
2224,1377,42,226,test
2225,2177,39,236,validation
2226,1151,15,205,validation
2227,2004,173,59,train
2228,393,254,218,validation
2229,1181,105,157,train
2230,2241,186,203,train
2231,2372,163,288,train
2232,671,39,212,validation
2233,732,94,40,test
2234,26,55,286,test
2235,2324,88,82,validation
2236,1766,110,232,test
2237,616,139,143,train
2238,342,12,21,test
2239,1272,7,48,validation
2240,1027,109,233,train
2241,264,153,36,validation
2242,1127,185,243,train
2243,1605,156,140,test
2244,2054,19,201,test
2245,1801,236,271,validation
2246,1350,238,57,validation
2247,68,99,78,validation
2248,2099,103,245,train
2249,2353,134,191,train
2250,809,41,85,test
2251,2389,280,26,test
2252,1138,183,142,train
2253,466,72,26,validation
2254,330,115,212,train
2255,2383,95,79,validation
2256,1036,213,165,test
2257,1955,167,276,test
2258,1285,162,146,test
2259,1664,100,233,test
2260,2342,224,65,validation
2261,1795,174,154,train
2262,482,107,284,train
2263,2121,174,168,test
2264,897,27,22,test
2265,646,283,78,train
2266,271,193,268,validation
2267,798,242,44,test
2268,2426,186,285,test
2269,1338,45,242,test
2270,2342,285,278,validation
2271,442,246,60,validation
2272,1080,267,240,validation
2273,304,271,212,train
2274,1269,224,71,test
2275,780,150,185,train
2276,1278,70,136,train
2277,1933,14,219,train
2278,767,76,33,train
2279,380,28,161,test
2280,889,214,111,train
2281,152,101,6,test
2282,112,229,253,test
2283,227,212,259,train
2284,825,202,78,validation
2285,1882,132,138,validation
2286,2184,66,54,train
2287,2369,80,279,train
2288,2492,91,231,train
2289,630,180,21,validation
2290,1097,285,101,train
2291,603,113,283,validation
2292,1827,164,22,train
2293,2207,229,52,validation
2294,25,194,127,test
2295,584,8,183,train
2296,1310,143,149,test
2297,1347,146,26,train
2298,1292,61,150,test
2299,94,129,229,test
2300,1638,206,147,train
2301,994,233,141,validation
2302,401,131,41,validation
2303,1835,283,58,validation
2304,1905,263,168,test
2305,2364,26,17,train
2306,706,277,220,test
2307,564,195,106,test
2308,1079,81,97,validation
2309,2300,50,263,test
2310,1350,11,57,test
2311,239,281,120,validation
2312,1698,119,286,validation
2313,369,206,50,train
2314,2219,132,59,train
2315,2284,91,118,test
2316,1716,31,244,test
2317,1910,130,206,validation
2318,106,104,186,train
2319,1633,283,254,validation
2320,1544,124,72,train
2321,120,252,161,validation
2322,526,132,179,test
2323,1899,192,226,test
2324,751,82,15,train
2325,1356,115,251,train
2326,1470,165,153,test
2327,285,97,242,test
2328,37,32,233,test
2329,2263,203,11,train
2330,105,45,266,validation
2331,2343,30,223,train
2332,1901,31,177,train
2333,1354,225,29,train
2334,2179,110,92,test
2335,1106,6,133,train
2336,490,256,130,train
2337,1299,274,219,train
2338,856,235,2,validation
2339,1584,87,258,train
2340,460,278,195,train
2341,1723,174,147,test
2342,1174,84,21,validation
2343,1799,106,50,test
2344,65,229,89,test
2345,1768,94,193,test
2346,163,52,22,validation
2347,1388,28,250,validation
2348,1340,172,7,test
2349,1052,115,198,validation
2350,1818,283,281,test
2351,1624,209,45,validation
2352,1661,159,179,test
2353,198,97,266,train
2354,822,201,70,test
2355,286,158,75,validation
2356,909,141,126,train
2357,1751,262,113,validation
2358,2043,83,123,test
2359,2437,123,162,test
2360,1448,217,261,validation
2361,1165,77,117,train
2362,528,186,287,validation
2363,1566,112,15,train
2364,1283,206,188,validation
2365,2318,251,240,train
2366,1056,266,121,train
2367,2083,135,14,test
2368,2466,86,243,validation
2369,164,259,18,validation
2370,1542,72,180,validation
2371,785,150,86,test
2372,1790,256,1,test
2373,341,114,156,test
2374,724,167,123,validation
2375,776,151,20,validation
2376,661,48,103,validation
2377,1476,158,43,validation
2378,1618,210,76,test
2379,1715,154,240,test
2380,1712,181,87,validation
2381,328,226,75,train
2382,1018,1,106,validation
2383,2268,50,154,validation
2384,1043,98,17,train
2385,1268,113,52,train
2386,2245,269,183,validation
2387,581,226,97,validation
2388,2387,211,164,validation
2389,850,78,21,test
2390,1265,268,231,train
2391,2436,89,247,test
2392,2365,64,237,test
2393,33,249,155,test
2394,1765,143,135,test
2395,943,111,156,train
2396,508,170,15,test
2397,220,67,109,train
2398,1720,55,122,train
2399,1336,215,151,validation
2400,495,177,247,test
2401,823,136,2,validation
2402,2374,268,86,train
2403,1101,146,76,validation
2404,1658,53,29,train
2405,968,251,139,train
2406,488,133,287,train
2407,2152,64,74,train
2408,2099,66,51,test
2409,1678,212,129,test
2410,1839,127,38,test
2411,722,183,188,test
2412,184,82,282,test
2413,1266,128,286,validation
2414,258,5,205,train
2415,217,174,147,test
2416,629,31,229,validation
2417,1286,27,277,validation
2418,57,132,126,validation
2419,1919,72,207,validation
2420,1880,5,143,train
2421,1225,270,175,validation
2422,2273,143,70,test
2423,1368,163,102,validation
2424,1877,186,17,train
2425,2460,247,222,validation
2426,1687,144,69,validation
2427,1343,21,9,test
2428,169,164,94,validation
2429,286,234,119,validation
2430,372,177,11,validation
2431,2184,271,124,test
2432,15,146,208,test
2433,656,86,86,test
2434,1300,214,65,train
2435,1873,25,16,train
2436,915,153,83,train
2437,558,214,86,validation
2438,325,66,187,train
2439,472,277,155,test
2440,584,267,141,train
2441,186,184,99,train
2442,1083,260,24,validation
2443,2026,197,127,validation
2444,1328,228,55,train
2445,951,263,263,validation
2446,742,46,129,validation
2447,788,45,68,test
2448,2064,252,4,validation
2449,1721,14,215,train
2450,2147,41,271,validation
2451,90,202,213,validation
2452,791,265,240,validation
2453,417,253,148,test
2454,1530,85,132,test
2455,1176,70,139,test
2456,436,88,8,test
2457,262,101,168,train
2458,1898,9,7,train
2459,1375,57,239,train
2460,1888,149,225,validation
2461,1990,261,9,validation
2462,2107,115,205,validation
2463,1877,213,186,train
2464,2178,140,54,validation
2465,1578,9,268,train
2466,414,111,276,train
2467,277,287,247,train
2468,1267,25,171,validation
2469,2347,180,195,test
2470,828,14,198,validation
2471,482,94,227,train
2472,1679,122,32,test
2473,456,243,128,test
2474,1334,272,74,test
2475,355,274,43,validation
2476,1518,120,17,train
2477,2304,215,66,validation
2478,1458,231,185,train
2479,384,178,107,test
2480,358,36,48,train
2481,1381,162,218,test
2482,2065,92,267,train
2483,2396,122,41,validation
2484,791,148,78,validation
2485,1760,276,264,test
2486,1365,12,205,train
2487,1933,49,136,train
2488,1133,92,113,validation
2489,2465,240,230,validation
2490,254,84,244,test
2491,32,234,27,validation
2492,2466,57,89,test
2493,1343,203,7,train
2494,962,28,210,test
2495,1567,283,184,train
2496,561,163,118,train
2497,676,283,233,validation
2498,2118,268,11,train
2499,445,274,24,test
2500,1714,1,268,test
2501,450,225,56,test
2502,2418,173,31,test
2503,819,187,231,train
2504,1214,223,225,validation
2505,1479,228,82,train
2506,1236,274,31,validation
2507,302,184,245,validation
2508,2104,272,66,train
2509,553,20,287,validation
2510,1721,165,46,test
2511,724,59,44,validation
2512,1701,235,55,validation
2513,1353,78,81,validation
2514,1605,152,257,test
2515,2323,242,82,validation
2516,1763,166,135,test
2517,198,235,70,test
2518,1504,187,190,train
2519,2181,117,230,train
2520,1529,220,126,test
2521,2145,74,256,validation
2522,1860,208,105,train
2523,44,275,279,train
2524,1694,60,218,test
2525,770,272,208,validation
2526,522,276,115,validation
2527,2217,287,113,train
2528,31,2,219,test
2529,2342,272,44,train
2530,45,63,65,train
2531,1372,35,202,train
2532,1030,34,205,test
2533,1331,18,220,train
2534,605,144,286,train
2535,207,267,86,validation
2536,1586,258,12,train
2537,904,139,133,test
2538,1627,20,113,test
2539,29,243,130,test
2540,757,191,83,validation
2541,968,33,95,train
2542,2487,275,76,test
2543,562,213,207,test
2544,1107,60,37,validation
2545,252,214,131,train
2546,1985,202,17,validation
2547,967,108,62,train
2548,16,193,97,validation
2549,2212,233,178,train
2550,1623,254,96,validation
2551,150,272,156,test
2552,550,99,3,validation
2553,1650,227,34,validation
2554,2052,59,204,validation
2555,1390,204,261,test
2556,468,258,283,train
2557,834,115,45,validation
2558,132,76,178,validation
2559,1572,145,19,test
2560,1088,90,168,test
2561,186,186,251,validation
2562,1304,183,145,train
2563,1061,71,129,validation
2564,1982,288,90,test
2565,987,38,123,test
2566,979,125,280,validation
2567,2232,11,256,test
2568,1924,182,209,test
2569,742,187,22,train
2570,745,13,39,validation
2571,1113,183,115,validation
2572,849,64,280,validation
2573,408,20,174,train
2574,1179,35,173,validation
2575,1923,241,183,train
2576,2430,259,286,validation
2577,2055,150,110,validation
2578,571,50,20,test
2579,1202,255,141,train
2580,448,194,260,validation
2581,1014,257,60,validation
2582,1263,231,260,test
2583,2488,222,113,validation
2584,541,221,129,train
2585,462,94,59,validation
2586,1737,73,46,train
2587,2200,201,182,train
2588,1592,95,287,test
2589,558,215,104,train
2590,1974,41,51,train
2591,670,142,206,test
2592,1828,251,222,validation
2593,2396,106,261,test
2594,1317,2,57,test
2595,2453,118,245,test
2596,234,228,13,validation
2597,1897,50,173,validation
2598,1702,131,143,test
2599,1099,156,146,test
2600,735,125,24,train
2601,1422,176,86,train
2602,1961,188,197,train
2603,1626,67,17,validation
2604,2272,138,88,test
2605,623,4,15,test
2606,1500,74,110,validation
2607,1325,265,9,train
2608,95,114,71,validation
2609,192,15,100,train
2610,200,259,219,train
2611,2366,184,69,validation
2612,443,185,159,validation
2613,369,143,170,test
2614,527,260,78,train
2615,1364,115,45,test
2616,2266,255,9,train
2617,1743,233,8,validation
2618,2250,78,263,train
2619,1375,238,108,validation
2620,1775,216,59,validation
2621,771,227,226,train
2622,119,190,161,validation
2623,2280,44,22,test
2624,2399,132,115,test
2625,1382,51,126,validation
2626,1026,279,174,validation
2627,509,221,170,validation
2628,1389,196,137,test
2629,1155,52,257,train
2630,1894,262,96,train
2631,271,175,75,test
2632,876,61,145,validation
2633,1641,65,151,train
2634,64,20,55,validation
2635,1049,79,41,validation
2636,1506,134,282,validation
2637,1728,261,143,test
2638,1232,127,56,validation
2639,2037,162,137,validation
2640,173,278,221,test
2641,1843,184,189,validation
2642,135,152,186,validation
2643,1190,231,238,test
2644,1766,96,100,test
2645,1200,222,107,validation
2646,2045,133,1,train
2647,1775,273,167,validation
2648,1529,248,197,test
2649,387,198,121,test
2650,690,273,273,train
2651,1758,202,279,validation
2652,481,7,22,validation
2653,969,251,260,test
2654,236,14,190,test
2655,1476,195,68,validation
2656,1688,30,27,validation
2657,1715,89,223,validation
2658,1139,260,2,validation
2659,36,154,96,train
2660,1183,247,240,test
2661,2120,108,44,validation
2662,1696,25,59,test
2663,1819,4,190,test
2664,1019,270,116,train
2665,96,142,210,validation
2666,1440,99,223,train
2667,1727,44,138,test
2668,464,54,206,validation
2669,1410,82,100,train
2670,1582,201,252,train
2671,1560,57,40,test
2672,159,135,14,train
2673,612,35,4,test
2674,1467,163,163,train
2675,2033,54,152,train
2676,1809,186,23,validation
2677,619,143,51,test
2678,1873,202,102,validation
2679,373,205,49,test
2680,676,9,154,train
2681,2268,51,244,train
2682,1769,108,23,validation
2683,692,176,133,validation
2684,292,197,70,validation
2685,1478,134,286,test
2686,2168,213,245,validation
2687,1985,59,137,validation
2688,1829,199,18,train
2689,2257,110,12,train
2690,1818,89,144,test
2691,902,63,180,train
2692,1777,227,235,validation
2693,812,111,40,validation
2694,896,35,53,validation
2695,1059,17,4,train
2696,1399,277,128,validation
2697,1999,173,231,test
2698,2422,123,264,test
2699,722,184,112,validation
2700,2400,13,263,test
2701,44,71,248,train
2702,1420,220,230,train
2703,1842,163,201,validation
2704,1191,122,175,test
2705,543,173,152,validation
2706,2470,44,108,train
2707,451,128,228,test
2708,738,12,285,validation
2709,711,148,265,train
2710,604,214,235,test
2711,1479,257,56,validation
2712,921,112,208,test
2713,1686,4,67,train
2714,2064,30,156,train
2715,969,123,130,test
2716,1563,219,27,test
2717,65,72,262,validation
2718,517,181,188,validation
2719,2255,256,17,validation
2720,546,11,42,validation
2721,1799,2,19,validation
2722,2432,10,286,validation
2723,1607,11,59,train
2724,481,29,46,train
2725,1820,168,57,train
2726,1217,286,74,test
2727,1654,159,11,validation
2728,2155,37,103,test
2729,1751,148,74,train
2730,2230,102,149,train
2731,1538,138,192,validation
2732,1545,263,158,test
2733,645,82,164,train
2734,45,243,87,test
2735,1984,56,114,test
2736,168,237,270,train
2737,1554,202,42,validation
2738,497,230,219,train
2739,489,70,220,validation
2740,1118,243,57,train
2741,1681,105,96,validation
2742,855,21,175,train
2743,391,143,29,train
2744,746,58,165,train
2745,944,249,63,train
2746,422,41,20,validation
2747,2116,46,190,train
2748,98,148,120,test
2749,802,270,125,validation
2750,1595,166,111,validation
2751,511,145,252,validation
2752,1496,226,143,test
2753,895,243,94,train
2754,1460,241,1,validation
2755,1470,24,224,test
2756,1074,141,113,test
2757,2286,24,112,validation
2758,1812,233,20,validation
2759,2349,191,49,validation
2760,1046,82,249,validation
2761,164,77,183,test
2762,2381,119,146,validation
2763,567,117,182,test
2764,521,143,201,train
2765,1142,288,225,test
2766,348,225,206,validation
2767,170,62,26,validation
2768,1769,106,77,validation
2769,2380,277,72,train
2770,2114,210,81,test
2771,914,143,92,test
2772,983,244,91,test
2773,2325,233,161,train
2774,745,177,260,validation
2775,2274,29,71,train
2776,1656,123,120,validation
2777,613,237,157,train
2778,2163,158,229,validation
2779,101,35,165,test
2780,403,269,93,train
2781,77,88,108,test
2782,1717,1,194,validation
2783,865,213,63,validation
2784,2466,7,212,validation
2785,2174,128,214,train
2786,291,230,142,train
2787,1969,165,285,train
2788,19,156,8,test
2789,1597,224,173,test
2790,961,73,118,train
2791,2428,145,263,validation
2792,725,98,25,validation
2793,1512,163,240,validation
2794,1777,63,224,validation
2795,1998,228,63,test
2796,489,219,169,test
2797,109,177,236,validation
2798,1822,69,68,train
2799,2370,92,237,test
2800,1052,256,106,train
2801,264,149,242,test
2802,1172,150,138,train
2803,38,154,102,test
2804,328,104,111,test
2805,1622,49,233,train
2806,2289,266,147,test
2807,1674,280,69,train
2808,2240,171,129,train
2809,962,17,11,train
2810,418,99,203,test
2811,1784,263,242,validation
2812,179,34,116,validation
2813,2469,242,46,validation
2814,1416,272,102,train
2815,327,188,83,validation
2816,738,46,240,validation
2817,646,273,278,test
2818,766,173,33,validation
2819,2134,269,120,test
2820,2455,35,37,validation
2821,1772,40,170,train
2822,2065,47,273,train
2823,2285,148,31,train
2824,22,134,288,validation
2825,621,274,70,test
2826,1748,6,158,validation
2827,948,22,11,train
2828,2051,283,44,train
2829,381,161,180,train
2830,1105,92,109,validation
2831,628,96,61,train
2832,902,6,221,validation
2833,1241,6,183,validation
2834,2279,272,273,test
2835,825,17,261,train
2836,509,117,66,test
2837,1411,73,165,train
2838,21,122,153,train
2839,1075,50,30,test
2840,314,140,101,validation
2841,1128,103,113,test
2842,2332,118,218,train
2843,2275,3,54,test
2844,215,117,16,train
2845,961,280,29,test
2846,2384,129,86,train
2847,550,252,61,test
2848,220,37,67,test
2849,994,8,8,train
2850,1114,83,38,train
2851,551,80,165,validation
2852,482,15,250,train
2853,513,36,286,train
2854,1503,163,105,test
2855,2243,15,125,train
2856,1991,281,104,train
2857,1571,107,7,test
2858,633,35,110,validation
2859,464,26,67,train
2860,604,193,274,train
2861,2003,27,263,validation
2862,2218,270,283,validation
2863,426,192,119,validation
2864,2155,8,133,test
2865,2384,25,4,validation
2866,2120,6,136,validation
2867,1717,158,42,test
2868,768,4,31,validation
2869,2356,20,200,validation
2870,900,75,13,test
2871,1479,196,270,train
2872,886,161,285,test
2873,1794,238,279,validation
2874,1750,139,255,test
2875,34,196,114,validation
2876,1031,248,158,validation
2877,1592,46,129,train
2878,1183,44,260,validation
2879,2088,1,205,validation
2880,2091,257,198,validation
2881,2330,60,20,validation
2882,1195,101,101,test
2883,2199,33,197,train
2884,2013,257,52,test
2885,2330,81,120,train
2886,186,208,39,test
2887,813,152,144,validation
2888,1635,216,80,test
2889,534,12,122,train
2890,2309,49,123,test
2891,492,41,169,validation
2892,2363,267,29,validation
2893,584,130,192,validation
2894,747,180,270,train
2895,1587,38,222,validation
2896,1881,82,23,validation
2897,53,231,79,validation
2898,33,92,67,test
2899,1663,56,245,train
2900,140,34,201,validation
2901,1422,265,239,train
2902,1060,48,248,test
2903,1686,30,132,test
2904,765,56,243,validation
2905,1283,80,75,train
2906,300,92,96,validation
2907,1357,96,116,train
2908,1420,247,165,validation
2909,423,90,34,validation
2910,577,163,168,validation
2911,1770,239,118,validation
2912,1163,208,245,test
2913,1953,203,54,train
2914,1197,25,211,train
2915,1396,108,67,test
2916,1329,124,62,validation
2917,1249,46,197,validation
2918,1504,195,154,validation
2919,411,94,122,train
2920,142,241,112,validation
2921,1789,45,190,test
2922,1343,219,130,train
2923,1313,147,74,validation
2924,294,61,278,validation
2925,1093,139,250,test
2926,1794,99,78,train
2927,1834,251,252,validation
2928,2302,269,233,test
2929,36,121,100,train
2930,1032,119,229,validation
2931,654,202,235,test
2932,1931,135,204,test
2933,2279,229,6,test
2934,1389,202,209,train
2935,2279,135,84,train
2936,863,177,237,train
2937,949,32,178,train
2938,391,27,195,test
2939,2001,266,162,test
2940,2142,286,265,train
2941,1773,260,239,validation
2942,369,178,212,test
2943,1689,54,152,test
2944,1147,26,9,test
2945,1766,100,26,train
2946,651,59,230,train
2947,1023,253,197,test
2948,747,93,261,validation
2949,741,79,127,test
2950,2253,60,138,train
2951,657,188,74,validation
2952,1178,96,249,test
2953,1664,161,214,validation
2954,1021,138,158,test
2955,14,212,236,validation
2956,2268,288,165,validation
2957,1978,74,91,train
2958,1193,65,22,test
2959,1615,218,191,train
2960,1068,80,208,test
2961,1344,120,31,test
2962,584,219,228,validation
2963,2362,126,32,validation
2964,1784,237,45,validation
2965,471,232,43,train
2966,527,255,32,validation
2967,1392,87,99,validation
2968,1323,97,161,validation
2969,2132,272,75,train
2970,1130,20,186,validation
2971,79,116,23,validation
2972,1401,112,81,train
2973,300,197,106,test
2974,2497,36,124,validation
2975,58,223,103,validation
2976,456,41,200,test
2977,966,236,138,test
2978,2384,84,118,test
2979,1566,194,246,train
2980,1821,114,199,validation
2981,2008,27,11,test
2982,2239,207,256,test
2983,1989,223,8,train
2984,1926,19,285,train
2985,912,253,180,validation
2986,945,115,159,validation
2987,1050,100,4,validation
2988,1670,35,185,validation
2989,267,96,22,validation
2990,585,260,253,train
2991,1102,66,155,validation
2992,2490,205,248,train
2993,2463,255,131,test
2994,1141,131,12,train
2995,1305,26,234,validation
2996,238,138,222,test
2997,283,128,101,test
2998,502,26,229,validation
2999,641,244,74,train
3000,2181,114,40,train
